"","sıra","hasılat","faaliyet_süresi","ar_ge","sahiplik_durumu","yatırım","ar_ge_chr","sahiplik_chr"
"1",1,248491.167813268,15.4629142825699,1,1,5492.68611188263,"Evet","Yerli"
"2",2,250346.786552638,42.5216591185918,1,1,8251.6426987971,"Evet","Yerli"
"3",3,251355.551470854,41.3751700932755,0,1,8116.90559042018,"Hayır","Yerli"
"4",4,247067.877871713,31.1014229288366,0,0,3515.98427363486,"Hayır","Yabancı"
"5",5,250536.405861014,31.4505477491254,0,0,7052.61257346964,"Hayır","Yabancı"
"6",6,250632.569865197,42.6530320365299,0,0,7438.37788317946,"Hayır","Yabancı"
"7",7,249281.575049832,45.4907784154195,0,0,6020.58145956709,"Hayır","Yabancı"
"8",8,249316.71018027,17.8933690214673,0,0,5371.28636455324,"Hayır","Yabancı"
"9",9,249294.435001133,16.2802215774576,0,0,5520.43172236842,"Hayır","Yabancı"
"10",10,248887.452713695,30.4630319751133,1,0,6390.9568800312,"Evet","Yabancı"
"11",11,249403.509125308,26.0222517553462,0,1,5593.26011893633,"Hayır","Yerli"
"12",12,248752.016943925,29.9032470423967,0,1,5052.81949256319,"Hayır","Yerli"
"13",13,249029.682631703,33.8184908044457,0,0,5865.36450207756,"Hayır","Yabancı"
"14",14,250080.573521595,40.5617623730711,0,0,7095.09935613455,"Hayır","Yabancı"
"15",15,251199.367573713,29.3100690625262,1,0,8854.29879780873,"Evet","Yabancı"
"16",16,249862.143132012,34.6554776949227,1,1,7769.82761699393,"Evet","Yerli"
"17",17,249361.238117742,27.2490762465025,0,1,5868.42737551228,"Hayır","Yerli"
"18",18,248861.005729213,21.8778792788827,0,1,5067.92501620986,"Hayır","Yerli"
"19",19,248953.535399664,31.9732904839312,1,0,6662.50933078732,"Evet","Yabancı"
"20",20,253019.793973112,13.7714615681241,1,1,10632.2705449489,"Evet","Yerli"
"21",21,250167.61027519,14.7908711359939,1,1,7450.83731299067,"Evet","Yerli"
"22",22,249386.642629136,17.8395352166845,1,0,6789.80882481069,"Evet","Yabancı"
"23",23,249449.315159558,40.280733121159,0,1,6115.15711883654,"Hayır","Yerli"
"24",24,250574.486801257,40.8218807248424,1,0,8334.96894844619,"Evet","Yabancı"
"25",25,249132.849691328,31.3686941247437,1,0,7026.98856729319,"Evet","Yabancı"
"26",26,248189.743862017,29.9073654138712,0,1,4252.19460230564,"Hayır","Yerli"
"27",27,250718.444651126,22.6198174743286,0,1,7093.76038978549,"Hayır","Yerli"
"28",28,248720.430346295,39.9391002648195,1,1,6316.35194863302,"Evet","Yerli"
"29",29,249981.077124545,33.2478026933937,0,1,6422.84012931388,"Hayır","Yerli"
"30",30,248830.06424854,24.5128317591483,1,1,6188.46162033819,"Evet","Yerli"
"31",31,251377.87193275,40.8143233249112,0,1,7985.94498898898,"Hayır","Yerli"
"32",32,249405.508651414,26.2021061171459,0,1,5972.34994538449,"Hayır","Yerli"
"33",33,249113.199953109,12.2279997520117,0,0,5032.22547298914,"Hayır","Yabancı"
"34",34,249373.427424257,44.3823534933452,0,0,6397.07190672092,"Hayır","Yabancı"
"35",35,247963.633163652,18.8091680372449,0,1,3977.08419683132,"Hayır","Yerli"
"36",36,248540.475922382,19.8564228130353,0,0,4997.88822274832,"Hayır","Yabancı"
"37",37,247274.950438814,22.8594066870895,0,1,3497.18223397968,"Hayır","Yerli"
"38",38,248323.758509875,18.3110650095197,0,1,4840.67355596579,"Hayır","Yerli"
"39",39,249632.132676545,27.1218792116207,1,0,7049.9638425622,"Evet","Yabancı"
"40",40,249417.628074492,26.6852441799309,0,0,6090.04134465016,"Hayır","Yabancı"
"41",41,251811.870331609,37.1931447289409,0,1,8774.42487718345,"Hayır","Yerli"
"42",42,248664.196595407,26.9188873042548,0,0,5222.68114308034,"Hayır","Yabancı"
"43",43,248930.794207828,18.9320597039396,1,0,5931.06997940103,"Evet","Yabancı"
"44",44,249649.221247553,26.3836593425583,1,1,6854.6499056284,"Evet","Yerli"
"45",45,248757.07490463,19.5046718076952,0,1,4711.52469179034,"Hayır","Yerli"
"46",46,248789.35710266,20.1731233577036,1,0,6260.50241956117,"Evet","Yabancı"
"47",47,248615.852259198,40.4872863708108,0,1,5354.91420392514,"Hayır","Yerli"
"48",48,248435.017642951,27.072779904716,0,0,4551.91486485974,"Hayır","Yabancı"
"49",49,249345.214851266,33.9307341725797,0,0,5679.91558059988,"Hayır","Yabancı"
"50",50,249378.937553417,30.1932015652134,0,0,5984.15086590726,"Hayır","Yabancı"
"51",51,247742.460928998,30.8078344922598,0,0,3887.76009783356,"Hayır","Yabancı"
"52",52,249272.405094138,38.8150510934435,0,0,5888.88060805198,"Hayır","Yabancı"
"53",53,248613.887969467,20.5912887456855,0,0,4784.13833304976,"Hayır","Yabancı"
"54",54,248731.297488135,39.8715573165587,0,0,5577.88288891494,"Hayır","Yabancı"
"55",55,249797.113095554,24.5620167434524,0,1,6132.65514070671,"Hayır","Yerli"
"56",56,250703.819773743,42.6188875762266,0,1,7562.30936579553,"Hayır","Yerli"
"57",57,252059.771841019,29.5842675062627,1,1,9939.34546801901,"Evet","Yerli"
"58",58,249033.30822007,32.9556495427875,0,0,5623.89067403794,"Hayır","Yabancı"
"59",59,252007.387036072,31.4669417915316,1,0,10040.4444136283,"Evet","Yabancı"
"60",60,248552.739315382,30.4094002923243,0,0,4993.14183598123,"Hayır","Yabancı"
"61",61,250820.735580416,20.5034804272964,1,1,8203.0457716609,"Evet","Yerli"
"62",62,253186.238838397,22.2768412404051,1,1,10948.5504705459,"Evet","Yerli"
"63",63,249956.549512745,36.0011838499376,0,0,6401.96539413236,"Hayır","Yabancı"
"64",64,249162.958025423,29.1714011231456,0,0,5750.82188212964,"Hayır","Yabancı"
"65",65,249990.494055361,29.0625264080378,0,0,6283.85559541691,"Hayır","Yabancı"
"66",66,252221.355560179,28.4889573596424,1,1,9787.20178030685,"Evet","Yerli"
"67",67,248576.740329061,29.4608013632837,0,0,5026.25968188241,"Hayır","Yabancı"
"68",68,251709.783974279,32.716895226246,1,1,9503.35703940308,"Evet","Yerli"
"69",69,251661.955988478,10.8274896836992,0,0,7911.87299700302,"Hayır","Yabancı"
"70",70,250420.590996505,26.4889795219383,1,1,7888.04031566038,"Evet","Yerli"
"71",71,250008.616048052,22.9549240304238,1,0,7578.40672267526,"Evet","Yabancı"
"72",72,249430.664077298,33.1532061503367,1,1,7207.8295011956,"Evet","Yerli"
"73",73,249541.845083908,25.6116313471001,1,0,7346.01871035874,"Evet","Yabancı"
"74",74,250810.358209379,26.2509264913699,1,0,8437.70726715524,"Evet","Yabancı"
"75",75,252587.838576664,25.755491843048,0,1,9066.47307520737,"Hayır","Yerli"
"76",76,249808.251984416,28.0678970853633,1,0,7383.87815515723,"Evet","Yabancı"
"77",77,248261.623816623,12.4303237271648,1,0,5376.13480836573,"Evet","Yabancı"
"78",78,249095.522778612,46.7353813804116,0,0,6044.78736211343,"Hayır","Yabancı"
"79",79,250322.82720271,24.9705895030624,0,0,6941.04598678256,"Hayır","Yabancı"
"80",80,249603.676106298,26.3500620500404,1,1,7196.9824396216,"Evet","Yerli"
"81",81,249777.76255292,34.2649587664139,1,0,7101.79048866314,"Evet","Yabancı"
"82",82,249787.507403932,26.7770315089941,0,0,6447.10751859193,"Hayır","Yabancı"
"83",83,248284.622642654,37.2594343792238,0,1,5123.56548965651,"Hayır","Yerli"
"84",84,249782.766036982,35.7792313316001,1,0,7303.31721881342,"Evet","Yabancı"
"85",85,251062.790321402,46.6272086126805,0,1,7865.21814432746,"Hayır","Yerli"
"86",86,250872.010889585,18.7462988976166,1,1,8282.64960906031,"Evet","Yerli"
"87",87,250687.496688864,33.0014710458037,0,1,7104.7145926454,"Hayır","Yerli"
"88",88,249496.58503069,23.8200087171101,0,0,5622.69669099138,"Hayır","Yabancı"
"89",89,249760.507786902,31.148760146827,0,1,6587.91844271535,"Hayır","Yerli"
"90",90,248506.840150497,12.9234428575923,1,0,5567.56617422999,"Evet","Yabancı"
"91",91,249933.551476571,27.1870502114033,0,1,6409.92896684291,"Hayır","Yerli"
"92",92,250318.995001245,9.4881108929554,1,0,7633.2882978983,"Evet","Yabancı"
"93",93,252132.45500905,26.6362541140964,1,1,9711.75719376034,"Evet","Yerli"
"94",94,251251.891565454,15.1712409222827,0,0,7539.55878288918,"Hayır","Yabancı"
"95",95,249380.520696248,26.5683706432176,0,0,5864.58718085665,"Hayır","Yabancı"
"96",96,250444.43787125,27.3358157224544,1,1,8290.37116710493,"Evet","Yerli"
"97",97,248581.739945583,32.9134519102302,1,0,6088.19211673772,"Evet","Yabancı"
"98",98,251097.75453369,26.6222394780163,1,1,8706.12951592333,"Evet","Yerli"
"99",99,251216.14594172,24.8698723129706,1,1,8626.73861498888,"Evet","Yerli"
"100",100,252651.39638172,23.2051806664232,1,1,10486.3161459923,"Evet","Yerli"
"101",101,250518.154417969,41.8388220829545,0,0,7467.94654948689,"Hayır","Yabancı"
"102",102,249406.601908088,17.6954048387702,1,0,6461.76935605804,"Evet","Yabancı"
"103",103,250082.491867131,35.0432719996167,1,1,7779.77132925472,"Evet","Yerli"
"104",104,249371.902772008,21.2397401143927,1,1,6660.75508966578,"Evet","Yerli"
"105",105,248967.501766088,30.6381637439926,0,1,5649.9003656476,"Hayır","Yerli"
"106",106,250208.736599691,29.066866063159,0,1,6556.6069965754,"Hayır","Yerli"
"107",107,248879.669217194,26.9308675507309,0,1,5222.21280121036,"Hayır","Yerli"
"108",108,250210.23173457,36.8922042746134,1,1,8125.55097288316,"Evet","Yerli"
"109",109,250443.710326269,31.1731423992126,1,1,8145.59682880613,"Evet","Yerli"
"110",110,249934.868603911,36.8062214004491,1,1,7488.38421000982,"Evet","Yerli"
"111",111,249755.081726605,22.8435173931938,1,1,7549.59687528417,"Evet","Yerli"
"112",112,249188.662810493,27.6462863776051,1,1,6413.591033816,"Evet","Yerli"
"113",113,248612.790960752,39.7504517407604,0,0,5230.36681367127,"Hayır","Yabancı"
"114",114,251061.592753319,29.5006545778182,0,0,7530.8508999986,"Hayır","Yabancı"
"115",115,250027.953157595,34.3896682619209,0,1,6394.38040604176,"Hayır","Yerli"
"116",116,251038.925771634,33.1993776163329,0,1,7409.37752430382,"Hayır","Yerli"
"117",117,248444.64018582,27.2312492832329,1,1,5804.04132490498,"Evet","Yerli"
"118",118,250211.283017208,45.6174539359977,1,0,7942.50485486686,"Evet","Yabancı"
"119",119,250841.457883685,11.2405154506904,0,1,6801.50565085306,"Hayır","Yerli"
"120",120,249967.154529439,25.7214988996775,0,0,6352.64089480246,"Hayır","Yabancı"
"121",121,249760.759789305,45.857951417365,1,1,7512.37613532447,"Evet","Yerli"
"122",122,249022.616691625,40.0596241015714,1,0,6437.08589906865,"Evet","Yabancı"
"123",123,252572.702484704,24.9027312527002,1,1,10225.315002704,"Evet","Yerli"
"124",124,250938.126816445,48.7057682241061,1,1,8932.30895578672,"Evet","Yerli"
"125",125,252280.260377973,33.9679121807513,0,1,8822.66081205078,"Hayır","Yerli"
"126",126,250100.074551365,28.4016850899837,0,1,6472.95147354281,"Hayır","Yerli"
"127",127,249210.738376292,16.4369030439134,0,1,5584.98580583075,"Hayır","Yerli"
"128",128,248108.389849958,16.2986107537422,1,1,5048.60561243589,"Evet","Yerli"
"129",129,249204.875211144,16.3031157538217,1,1,6597.76067487928,"Evet","Yerli"
"130",130,250282.876915621,16.4305956126097,0,1,6497.35928056749,"Hayır","Yerli"
"131",131,251267.112934332,32.5941000454077,1,1,9201.39016369388,"Evet","Yerli"
"132",132,250315.937668833,18.7885189893859,1,1,7932.72505627816,"Evet","Yerli"
"133",133,248535.064608949,32.1840431215678,0,1,4954.08221439701,"Hayır","Yerli"
"134",134,250835.892910656,16.6303842100198,0,1,7226.28301455797,"Hayır","Yerli"
"135",135,247937.373831445,25.7443195408976,1,0,5253.37861958264,"Evet","Yabancı"
"136",136,249542.68468976,24.9183845199479,0,1,5777.09897508155,"Hayır","Yerli"
"137",137,249604.852088959,25.3674243850865,1,0,6856.11215920234,"Evet","Yabancı"
"138",138,247564.692440848,21.9115614833305,0,0,3880.46650799824,"Hayır","Yabancı"
"139",139,251150.071902989,25.8768450841433,1,0,8944.06915503143,"Evet","Yabancı"
"140",140,249221.410506401,33.0528796853894,0,0,5922.618962623,"Hayır","Yabancı"
"141",141,249582.454187503,29.7537926116459,1,1,6946.41658758125,"Evet","Yerli"
"142",142,251743.934865662,7.29733156221754,1,0,8951.34179156966,"Evet","Yabancı"
"143",143,250795.843013799,39.452190041646,1,1,8501.17601262288,"Evet","Yerli"
"144",144,249864.460378762,23.7291344445821,1,1,7354.55292334963,"Evet","Yerli"
"145",145,250642.203473006,25.3961259201342,1,1,8002.23007124414,"Evet","Yerli"
"146",146,250499.089759092,22.611737665542,0,1,7094.00216574862,"Hayır","Yerli"
"147",147,252078.570559288,44.7926060843205,1,1,10387.5478901751,"Evet","Yerli"
"148",148,250344.866754482,38.6771559590398,1,0,8236.52104201959,"Evet","Yabancı"
"149",149,250632.84077901,26.562942422331,1,0,7944.72440244022,"Evet","Yabancı"
"150",150,250434.43996878,35.9095895378111,1,1,8319.34140082487,"Evet","Yerli"
"151",151,249528.45294063,34.0347340554744,1,0,7119.06666673092,"Evet","Yabancı"
"152",152,250122.024328887,23.5122561732712,1,1,7582.10487672255,"Evet","Yerli"
"153",153,252048.430806402,28.0455792398252,1,0,9392.30076143812,"Evet","Yabancı"
"154",154,248905.509407263,35.66797458696,0,0,5598.42396480962,"Hayır","Yabancı"
"155",155,250152.199998301,29.6234731882919,0,1,6744.120187948,"Hayır","Yerli"
"156",156,251702.663326056,14.1649889788062,1,1,9158.65010439752,"Evet","Yerli"
"157",157,249706.723641347,17.7806916590683,0,0,5615.95343493229,"Hayır","Yabancı"
"158",158,248683.271490071,35.4023508056607,0,1,5018.10128972068,"Hayır","Yerli"
"159",159,248912.770492955,17.4529366790614,0,1,5217.69051453359,"Hayır","Yerli"
"160",160,249512.341212941,22.370728993613,1,1,6758.32329001216,"Evet","Yerli"
"161",161,248940.812408588,20.8082116293987,1,0,6170.87682417201,"Evet","Yabancı"
"162",162,249674.200759876,35.972101459158,0,1,6413.5443247007,"Hayır","Yerli"
"163",163,249481.975367073,39.8276110417592,0,0,6213.63997674779,"Hayır","Yabancı"
"164",164,249771.186502851,18.1337951515522,0,0,6242.68013682107,"Hayır","Yabancı"
"165",165,250508.820122351,37.1450359382966,1,1,8456.16496634863,"Evet","Yerli"
"166",166,250780.791410253,30.6360473108397,1,0,8623.80738563839,"Evet","Yabancı"
"167",167,252097.757179631,27.4556447393004,0,1,8654.09829370988,"Hayır","Yerli"
"168",168,249914.132933044,42.3320317530178,1,0,7815.38043331266,"Evet","Yabancı"
"169",169,249598.950109177,23.0360253989498,0,0,6190.47659124933,"Hayır","Yabancı"
"170",170,251838.757146311,18.4449865900819,1,1,9445.89362353929,"Evet","Yerli"
"171",171,252130.411747284,28.9752843049152,1,1,10123.3550262016,"Evet","Yerli"
"172",172,250054.055046947,41.8157303301194,1,0,8010.79099483963,"Evet","Yabancı"
"173",173,249584.178351083,32.9307110371478,1,1,7169.05403561025,"Evet","Yerli"
"174",174,247722.205728046,32.4018297278939,0,0,3901.3332749701,"Hayır","Yabancı"
"175",175,251764.077998433,23.1611877351551,1,0,9444.13175723657,"Evet","Yabancı"
"176",176,248953.021957404,20.489546537005,0,0,5043.97453458587,"Hayır","Yabancı"
"177",177,248595.296507006,26.0039293752828,0,1,4994.20707855575,"Hayır","Yerli"
"178",178,253804.707357619,29.47896013152,1,1,11814.7657020365,"Evet","Yerli"
"179",179,250293.776635313,29.1354784897325,1,1,7697.61946497287,"Evet","Yerli"
"180",180,249958.426737358,21.3008668443498,0,1,6123.8654021043,"Hayır","Yerli"
"181",181,246584.725596305,21.7424784232105,0,0,2594.52018494049,"Hayır","Yabancı"
"182",182,249875.261764448,16.4592985389313,1,0,7175.07664632231,"Evet","Yabancı"
"183",183,251220.039668653,39.4940185958579,1,1,9255.39248930562,"Evet","Yerli"
"184",184,250517.336144314,26.2786457599583,1,1,8055.1288498915,"Evet","Yerli"
"185",185,251140.402702013,26.4794492398633,0,0,7636.00112919707,"Hayır","Yabancı"
"186",186,252479.665250855,40.3586454628185,0,0,9300.85837650482,"Hayır","Yabancı"
"187",187,251461.385642517,28.9156568205075,1,1,9242.29874491257,"Evet","Yerli"
"188",188,249364.078730731,32.3089072302082,0,0,6087.2350971963,"Hayır","Yabancı"
"189",189,250880.225223082,37.9088418759738,0,1,7866.47761913822,"Hayır","Yerli"
"190",190,249751.979657722,27.2762976932342,0,1,5990.28450345012,"Hayır","Yerli"
"191",191,249327.411513894,50.238454919763,0,0,6230.32301615623,"Hayır","Yabancı"
"192",192,246430.301681226,22.876955624601,0,0,2491.21623665484,"Hayır","Yabancı"
"193",193,249012.94143467,18.170701465202,1,1,6129.31254087858,"Evet","Yerli"
"194",194,250609.768293955,20.7124548161005,1,1,7924.72499042714,"Evet","Yerli"
"195",195,252710.040674399,22.0864137089694,0,1,9193.41907581375,"Hayır","Yerli"
"196",196,250625.868267851,25.6327064222575,1,0,8397.67686215851,"Evet","Yabancı"
"197",197,250775.262754584,28.617580577982,0,1,7306.52248406088,"Hayır","Yerli"
"198",198,248792.620987333,31.3426292534375,0,0,5527.84312548111,"Hayır","Yabancı"
"199",199,250203.318385148,35.3689088715067,0,1,6595.43524661459,"Hayır","Yerli"
"200",200,247402.203072641,27.16260294586,1,0,4437.50874259675,"Evet","Yabancı"
"201",201,250606.533525712,23.4886684845904,1,1,8369.43047141848,"Evet","Yerli"
"202",202,250870.960973206,39.4683494206186,1,0,8893.81597360882,"Evet","Yabancı"
"203",203,250231.892394479,30.3296259957925,0,1,6574.32189221677,"Hayır","Yerli"
"204",204,250875.916894431,33.0534073595093,1,0,8657.0590353292,"Evet","Yabancı"
"205",205,250389.601285827,28.1249761121485,0,1,6788.43629310115,"Hayır","Yerli"
"206",206,250950.57795246,37.2540749999834,0,1,7393.0098628536,"Hayır","Yerli"
"207",207,252303.07953276,18.3989248569376,1,1,9830.76202906453,"Evet","Yerli"
"208",208,251390.453551578,34.1658246992207,1,1,9235.00667974398,"Evet","Yerli"
"209",209,250040.829946877,17.2235673827793,0,1,6215.85129056864,"Hayır","Yerli"
"210",210,248606.938794003,34.6534999000149,0,1,5050.3673435764,"Hayır","Yerli"
"211",211,250522.572277981,18.988234358745,1,0,7856.24790796211,"Evet","Yabancı"
"212",212,249499.705953321,30.8720535348149,0,0,6095.579209793,"Hayır","Yabancı"
"213",213,251866.866378272,22.5335118215399,0,1,8289.95837027725,"Hayır","Yerli"
"214",214,247991.148825188,28.3159683079265,0,0,4430.51198830757,"Hayır","Yabancı"
"215",215,249480.310264498,32.4623171274844,0,0,5884.18569322224,"Hayır","Yabancı"
"216",216,250527.510466522,16.000299310593,0,1,6576.68704631018,"Hayır","Yerli"
"217",217,249810.329329331,28.0467139290236,0,1,6254.70886329282,"Hayır","Yerli"
"218",218,249242.31110592,23.8064529501866,0,1,5688.37854863944,"Hayır","Yerli"
"219",219,249619.098663792,31.4945970821639,0,1,5967.84778244141,"Hayır","Yerli"
"220",220,250786.920124856,32.2832164817467,1,0,8863.27191103322,"Evet","Yabancı"
"221",221,251118.964975344,11.2442528506341,1,1,8490.5433989904,"Evet","Yerli"
"222",222,250825.265789775,29.6113361979404,0,0,7420.58627617391,"Hayır","Yabancı"
"223",223,252841.854400559,29.67304307994,1,1,10616.1980159505,"Evet","Yerli"
"224",224,251466.87196579,25.2206148012727,1,1,9009.23619972111,"Evet","Yerli"
"225",225,250359.637160392,27.5461684611696,1,0,8033.7993954017,"Evet","Yabancı"
"226",226,249175.287382723,17.3665006395333,1,1,6081.87072920174,"Evet","Yerli"
"227",227,253648.925163397,38.3416867187316,1,1,12000,"Evet","Yerli"
"228",228,250846.769375548,30.1817745368503,1,0,8535.26902181781,"Evet","Yabancı"
"229",229,249144.59956983,39.1851134363051,0,1,5714.364053686,"Hayır","Yerli"
"230",230,250233.115103851,35.6239723419799,0,0,7030.15800735743,"Hayır","Yabancı"
"231",231,249594.508374395,23.1886534996347,1,0,7002.77399451503,"Evet","Yabancı"
"232",232,249656.619727218,22.5351434515142,1,0,7048.75777293954,"Evet","Yabancı"
"233",233,248833.120824263,5,0,0,4782.04313128163,"Hayır","Yabancı"
"234",234,250146.056681233,27.535798747252,1,0,7498.20605215647,"Evet","Yabancı"
"235",235,250398.95029831,32.4945330696088,1,1,8280.49863869917,"Evet","Yerli"
"236",236,248653.072346551,35.5056441768243,0,0,5236.09480597243,"Hayır","Yabancı"
"237",237,245958.559833846,29.4261544703327,0,1,2138.36454370102,"Hayır","Yerli"
"238",238,249681.406684182,21.8188104112614,1,1,6965.61402384513,"Evet","Yerli"
"239",239,250036.897287902,31.5807711801384,1,1,7591.12531373081,"Evet","Yerli"
"240",240,250742.842217638,25.7741830964442,0,1,7084.69918733192,"Hayır","Yerli"
"241",241,250073.918960223,24.9682600295342,1,1,7409.41404540441,"Evet","Yerli"
"242",242,250516.748618421,32.7020984354623,0,1,7093.1235435792,"Hayır","Yerli"
"243",243,248627.784781787,20.8230607778218,0,0,5080.63537964881,"Hayır","Yabancı"
"244",244,250888.969071588,40.1181776859467,1,1,8875.92191277138,"Evet","Yerli"
"245",245,250898.610912318,12.5370359504251,0,1,6889.83563090358,"Hayır","Yerli"
"246",246,250314.563836286,28.49574904558,1,0,7818.38358028991,"Evet","Yabancı"
"247",247,251696.59304519,26.1526927418403,1,1,9437.43020006451,"Evet","Yerli"
"248",248,250505.585589098,27.8974702714603,1,1,8237.76020342496,"Evet","Yerli"
"249",249,250330.455337297,38.4225334731182,1,1,8048.45669024039,"Evet","Yerli"
"250",250,250335.05488018,26.9482061034838,1,0,7960.34840531956,"Evet","Yabancı"
"251",251,250546.163221299,27.2748539890555,0,1,7175.70927645422,"Hayır","Yerli"
"252",252,251325.154881859,35.0828082171639,0,1,8068.34110928219,"Hayır","Yerli"
"253",253,250565.237995661,24.0781903307878,1,0,8190.68289943867,"Evet","Yabancı"
"254",254,250828.998269609,47.6274363106617,1,1,8798.72520293257,"Evet","Yerli"
"255",255,248579.533057511,18.9337616080172,1,1,5630.96216302615,"Evet","Yerli"
"256",256,249536.878103635,39.3551604720461,0,0,6404.76363448905,"Hayır","Yabancı"
"257",257,251846.211987241,28.0457319781488,1,1,9739.00868111565,"Evet","Yerli"
"258",258,248470.120311858,14.5503112000431,1,0,5732.0614744988,"Evet","Yabancı"
"259",259,250322.585484245,42.8219422274955,0,0,7025.88761576588,"Hayır","Yabancı"
"260",260,250506.253506792,15.8062625119083,0,1,6641.00471046758,"Hayır","Yerli"
"261",261,251219.754152262,21.9155821657965,0,0,7581.42111810302,"Hayır","Yabancı"
"262",262,249563.904079325,21.4649362788468,0,0,5889.80936543146,"Hayır","Yabancı"
"263",263,250198.281799364,47.5544580383179,1,0,8523.38987913959,"Evet","Yabancı"
"264",264,247795.931166824,31.813583183447,0,0,4201.8776106563,"Hayır","Yabancı"
"265",265,250423.245058875,39.248067747062,0,1,6841.05181354215,"Hayır","Yerli"
"266",266,249166.793713051,34.1440484557707,0,0,5728.74202132785,"Hayır","Yabancı"
"267",267,249701.69171959,25.9076575759608,0,1,6260.04425408207,"Hayır","Yerli"
"268",268,248515.293396929,37.9851925962849,0,0,5085.11677524594,"Hayır","Yabancı"
"269",269,250481.169152211,21.6985149431296,0,1,6984.49554377668,"Hayır","Yerli"
"270",270,250833.224394568,28.7780075662524,1,1,8432.99673173884,"Evet","Yerli"
"271",271,249619.232638178,43.1089335077787,1,0,7600.75482245692,"Evet","Yabancı"
"272",272,252281.263830108,19.8892699067614,1,0,9794.63889401285,"Evet","Yabancı"
"273",273,250838.199213209,33.7045393755242,1,0,8295.71105140943,"Evet","Yabancı"
"274",274,251185.790716569,38.1701183515257,0,1,7920.54107178085,"Hayır","Yerli"
"275",275,252561.753752089,14.8785122966137,1,1,9922.46578615917,"Evet","Yerli"
"276",276,249186.107988453,26.5883015098962,0,1,5254.62305735098,"Hayır","Yerli"
"277",277,251010.774091058,24.4168738994915,1,1,8467.86039002296,"Evet","Yerli"
"278",278,251233.225767443,25.3034295545211,1,1,9017.66389593205,"Evet","Yerli"
"279",279,249992.286504887,34.8387329605083,1,0,7486.38349700061,"Evet","Yabancı"
"280",280,250398.815447415,25.8432409524177,1,1,7695.44812111563,"Evet","Yerli"
"281",281,248735.222621573,31.7181018781605,0,1,5080.21652592394,"Hayır","Yerli"
"282",282,250587.709434658,34.0526916778652,1,1,8352.96235561537,"Evet","Yerli"
"283",283,249123.787085464,42.6360183404547,1,0,6855.91428676608,"Evet","Yabancı"
"284",284,251017.103578158,23.7935427124357,0,0,7096.51515153262,"Hayır","Yabancı"
"285",285,248985.711520009,35.2234436209151,0,0,5312.53836395948,"Hayır","Yabancı"
"286",286,250399.246858874,17.7094018095409,1,1,7874.22444719505,"Evet","Yerli"
"287",287,248941.846683545,20.3669346161732,0,0,5059.56296187008,"Hayır","Yabancı"
"288",288,249692.796026089,32.1653399059447,0,0,6158.78618718954,"Hayır","Yabancı"
"289",289,248058.926236118,28.5600661814191,0,1,4099.55489556251,"Hayır","Yerli"
"290",290,250160.542541157,22.7161050837032,0,0,6462.50865266245,"Hayır","Yabancı"
"291",291,251231.804236756,32.4901620611038,1,1,9194.48720456284,"Evet","Yerli"
"292",292,250229.059403834,5.27316935299077,0,0,6091.47934327218,"Hayır","Yabancı"
"293",293,247792.213483212,24.8436344537573,0,0,4059.12415480103,"Hayır","Yabancı"
"294",294,249224.33287923,30.0964106858577,1,0,6888.24465157837,"Evet","Yabancı"
"295",295,252070.053796248,29.8473691023976,1,1,9752.88403601919,"Evet","Yerli"
"296",296,252262.25673198,29.2238255675559,1,1,9888.31121318433,"Evet","Yerli"
"297",297,248531.204039985,19.4878385986124,0,0,4650.27778489697,"Hayır","Yabancı"
"298",298,249541.620926465,21.381878702593,0,1,5782.30639636009,"Hayır","Yerli"
"299",299,250442.031811159,26.5973619668929,1,0,7771.06833851826,"Evet","Yabancı"
"300",300,250398.945276085,30.1166344128447,0,1,6838.05152426154,"Hayır","Yerli"
"301",301,249275.053763726,24.03585263551,1,1,6541.10128693663,"Evet","Yerli"
"302",302,248808.401622566,34.7560493365966,1,0,6398.55331855777,"Evet","Yabancı"
"303",303,249775.714266318,28.3623322334999,0,1,6404.22286051818,"Hayır","Yerli"
"304",304,251262.26026868,32.2427133588664,1,1,9094.96827459253,"Evet","Yerli"
"305",305,250029.533268652,40.9266052141417,1,1,7917.61096920826,"Evet","Yerli"
"306",306,249188.71472552,34.1688018683027,0,0,5964.6758951866,"Hayır","Yabancı"
"307",307,249369.53222244,37.3872660684883,0,0,5739.5425087813,"Hayır","Yabancı"
"308",308,252017.989369323,19.4343668553004,1,1,9590.13011141041,"Evet","Yerli"
"309",309,249441.30023593,36.6691286455035,1,1,6930.58820589368,"Evet","Yerli"
"310",310,250953.970951392,30.1946840171096,1,1,8376.3786978518,"Evet","Yerli"
"311",311,251839.648357732,37.6427886806526,1,1,9778.05861276591,"Evet","Yerli"
"312",312,250554.581129609,28.6050287850603,1,0,8358.97896098762,"Evet","Yabancı"
"313",313,249472.847662412,33.7413566028874,0,1,6045.65414465619,"Hayır","Yerli"
"314",314,249949.997967242,9.83421706526175,0,1,5961.23276397948,"Hayır","Yerli"
"315",315,249384.650039715,32.1574577858465,1,1,7199.78166326642,"Evet","Yerli"
"316",316,251534.646396641,25.2134797099331,1,0,9161.01463082861,"Evet","Yabancı"
"317",317,249813.058043445,26.454688519976,0,0,6352.83077908145,"Hayır","Yabancı"
"318",318,251937.479229978,25.0846633859434,1,1,9658.07330076139,"Evet","Yerli"
"319",319,249297.984330773,21.6498171185197,1,1,6516.37801449584,"Evet","Yerli"
"320",320,249191.10343671,34.284379327915,1,0,7132.72133004653,"Evet","Yabancı"
"321",321,250178.915198813,37.3883142449443,1,0,7844.89728887541,"Evet","Yabancı"
"322",322,250030.235809989,23.3448008470266,1,1,7546.80441078564,"Evet","Yerli"
"323",323,249369.435594274,36.1544519874633,1,0,7083.93093661832,"Evet","Yabancı"
"324",324,248023.253987587,19.3500908620484,0,0,3932.75020883156,"Hayır","Yabancı"
"325",325,250037.583026569,38.7378960934458,1,1,7998.31040654079,"Evet","Yerli"
"326",326,249104.279126162,52.0169171126837,1,0,6654.72768009811,"Evet","Yabancı"
"327",327,251353.263694345,35.5950849744479,0,1,8086.7828656203,"Hayır","Yerli"
"328",328,248809.143181326,33.6377315767944,0,0,5385.91883881605,"Hayır","Yabancı"
"329",329,251408.103411261,15.6214027710069,1,0,8522.7323863372,"Evet","Yabancı"
"330",330,249188.696228276,21.7635733946663,0,0,5442.85452676138,"Hayır","Yabancı"
"331",331,250365.587598008,15.1443006408991,0,1,6517.48980348552,"Hayır","Yerli"
"332",332,251123.378405503,40.3836807208145,1,1,9051.72256849835,"Evet","Yerli"
"333",333,249351.57205401,19.0793414063525,1,1,6463.71955356655,"Evet","Yerli"
"334",334,250693.048190431,35.8214687781976,0,0,7182.50165668154,"Hayır","Yabancı"
"335",335,249890.03291102,22.5882915554592,0,0,6096.01972892385,"Hayır","Yabancı"
"336",336,248580.983838241,45.9628600887169,0,0,5141.07349758795,"Hayır","Yabancı"
"337",337,249662.40048625,18.6504136930913,0,1,5748.39147623746,"Hayır","Yerli"
"338",338,252024.737346919,29.8443135611509,0,1,8549.15242565218,"Hayır","Yerli"
"339",339,249732.336032879,34.7661668516505,1,1,7198.73471589899,"Evet","Yerli"
"340",340,248977.771921344,18.0373686896172,0,0,5102.630490989,"Hayır","Yabancı"
"341",341,249932.471344898,27.1805102576509,0,1,6291.90229585442,"Hayır","Yerli"
"342",342,250412.677012322,29.2191407592282,0,1,6919.912183274,"Hayır","Yerli"
"343",343,251194.155768322,24.3765085261475,1,1,8721.19854933901,"Evet","Yerli"
"344",344,251429.949847241,33.3178068471061,1,1,8982.24064149988,"Evet","Yerli"
"345",345,250125.652997969,41.5136220154024,0,1,7020.25595553328,"Hayır","Yerli"
"346",346,251455.719057072,19.8119177687967,1,1,8851.47504906077,"Evet","Yerli"
"347",347,249044.675065251,17.0536984656361,1,0,6432.64535005609,"Evet","Yabancı"
"348",348,247069.358244137,24.7738965781787,0,0,3289.00521832865,"Hayır","Yabancı"
"349",349,249410.395718088,29.1349072888364,0,0,6039.49260931311,"Hayır","Yabancı"
"350",350,249355.180638116,15.8542527215785,1,0,6613.41588687073,"Evet","Yabancı"
"351",351,247104.954810622,31.3457583119908,0,1,3246.60492757434,"Hayır","Yerli"
"352",352,250703.089696212,25.1774887076883,1,0,8375.86344574807,"Evet","Yabancı"
"353",353,249020.281075722,30.8711284414158,0,1,5464.00286970896,"Hayır","Yerli"
"354",354,249717.432517215,22.8325005050814,0,0,5979.29731024974,"Hayır","Yabancı"
"355",355,248016.121265432,38.5310085869414,1,0,5258.97152818588,"Evet","Yabancı"
"356",356,250684.405252335,30.4287883926882,1,0,8215.96081371157,"Evet","Yabancı"
"357",357,252364.033771694,27.3387267921338,0,1,8861.24889383891,"Hayır","Yerli"
"358",358,248902.40361222,42.7082586963888,0,0,5611.42650272523,"Hayır","Yabancı"
"359",359,249859.301361194,19.8575361141642,1,0,7198.84033419652,"Evet","Yabancı"
"360",360,252435.89133122,23.6185903897066,1,1,10056.3964438257,"Evet","Yerli"
"361",361,251167.27041526,33.9407875872322,1,0,9035.2732554639,"Evet","Yabancı"
"362",362,252391.324277121,25.0215607592953,1,0,10232.9531686792,"Evet","Yabancı"
"363",363,249993.457427585,27.5418045059076,0,1,6667.43007460859,"Hayır","Yerli"
"364",364,249809.674938848,35.2449573538821,0,1,6371.59859469707,"Hayır","Yerli"
"365",365,249362.960428526,30.0136819371863,0,0,6193.3132753285,"Hayır","Yabancı"
"366",366,251793.217129283,31.5326162784016,0,0,8625.06931356387,"Hayır","Yabancı"
"367",367,248392.701834584,25.4353711060296,0,1,4708.37835665679,"Hayır","Yerli"
"368",368,250384.142769069,41.4059936504387,0,1,7315.10389049009,"Hayır","Yerli"
"369",369,249942.101833403,27.3660806502715,1,1,7813.93679372403,"Evet","Yerli"
"370",370,252814.802250159,20.8942446285012,1,1,10425.6627670926,"Evet","Yerli"
"371",371,249239.957839238,29.3364088969877,1,1,6630.74891277811,"Evet","Yerli"
"372",372,248113.389787686,36.1487447885527,0,0,4389.82699324749,"Hayır","Yabancı"
"373",373,250290.789711886,38.6141209203847,1,1,8334.33561414453,"Evet","Yerli"
"374",374,249950.439129936,40.105313767495,1,0,7802.2286077086,"Evet","Yabancı"
"375",375,248951.093665618,25.4099697280533,0,1,5410.8367925498,"Hayır","Yerli"
"376",376,250165.363860305,28.3804468033749,0,1,6393.66262494211,"Hayır","Yerli"
"377",377,249655.594066618,28.9439075504361,1,1,7173.82516174017,"Evet","Yerli"
"378",378,249151.551698415,21.6064716104902,0,0,5299.23816230594,"Hayır","Yabancı"
"379",379,250626.04491472,39.8483788427932,0,1,7304.38819500166,"Hayır","Yerli"
"380",380,249585.422109992,25.969554480368,1,0,6927.12212559682,"Evet","Yabancı"
"381",381,247706.274686534,39.9753969315529,0,1,4394.96572803871,"Hayır","Yerli"
"382",382,246685.323439534,33.6833456280636,0,0,3013.63999661398,"Hayır","Yabancı"
"383",383,249274.272284894,47.8417870914252,1,0,7304.6524541842,"Evet","Yabancı"
"384",384,251817.733588589,43.2721707491322,1,1,10055.4772796203,"Evet","Yerli"
"385",385,251047.661724956,35.4865597728706,1,1,9058.2886770207,"Evet","Yerli"
"386",386,251518.816975558,26.063687290999,0,1,8173.41404766035,"Hayır","Yerli"
"387",387,251228.131803416,24.1578441875545,1,1,8739.19775686342,"Evet","Yerli"
"388",388,250394.705030023,20.1732861325905,1,0,7804.31934983685,"Evet","Yabancı"
"389",389,248116.171715355,27.0811125084218,0,1,4420.48660506251,"Hayır","Yerli"
"390",390,250256.962233958,23.6492377495813,0,0,6383.85134317331,"Hayır","Yabancı"
"391",391,251996.53511293,36.4673022685865,1,0,9758.35246285144,"Evet","Yabancı"
"392",392,245754.920581782,40.3905501036697,0,0,2000,"Hayır","Yabancı"
"393",393,249023.309644622,36.900966596642,0,0,5510.32984821268,"Hayır","Yabancı"
"394",394,251378.08080094,42.905307706341,1,1,9029.25991148538,"Evet","Yerli"
"395",395,250660.931274307,28.7407519165954,0,1,6991.2416593994,"Hayır","Yerli"
"396",396,250986.743004394,29.9455495353788,1,0,8603.01658777094,"Evet","Yabancı"
"397",397,250571.37438232,31.536905725137,0,1,7207.71041864544,"Hayır","Yerli"
"398",398,250673.541394573,29.5927334778989,1,0,8076.92780084615,"Evet","Yabancı"
"399",399,250018.303903014,41.1082191316961,0,0,6588.5027221315,"Hayır","Yabancı"
"400",400,248854.388580371,44.3196839520291,0,1,5318.44904768901,"Hayır","Yerli"
"401",401,248466.48113654,25.7323972938887,0,1,4721.68859770082,"Hayır","Yerli"
"402",402,250045.191085163,38.6314773984121,0,0,6944.4973132467,"Hayır","Yabancı"
"403",403,249473.258608036,35.8077247166754,1,0,7244.75519869178,"Evet","Yabancı"
"404",404,248875.794489421,32.7286495887354,0,0,5291.40873816749,"Hayır","Yabancı"
"405",405,250521.801646858,35.0108364120029,1,1,8092.1262512659,"Evet","Yerli"
"406",406,250191.80592108,15.8832324345949,0,1,6044.05043510791,"Hayır","Yerli"
"407",407,251829.103806492,19.7635524383713,1,1,9308.68732595801,"Evet","Yerli"
"408",408,248598.121878343,29.3472929742822,1,0,5991.51649766965,"Evet","Yabancı"
"409",409,249352.764896181,30.6051223355944,0,0,5652.46442334062,"Hayır","Yabancı"
"410",410,249906.316139577,32.5051964851192,0,1,6433.57617442835,"Hayır","Yerli"
"411",411,248240.262398201,20.8732962699489,1,0,5330.56111510221,"Evet","Yabancı"
"412",412,249644.117664862,27.3987735317207,0,1,6358.43972651942,"Hayır","Yerli"
"413",413,249114.786027233,26.6995214767058,1,1,6680.69379579882,"Evet","Yerli"
"414",414,247315.451248578,41.6823242458128,0,0,4068.85778287255,"Hayır","Yabancı"
"415",415,249645.203549236,22.138843551473,0,1,5987.45596365273,"Hayır","Yerli"
"416",416,249332.40979503,33.8359095866454,0,0,6223.71101848562,"Hayır","Yabancı"
"417",417,251416.262742693,24.5937929211457,0,1,8097.87532745722,"Hayır","Yerli"
"418",418,249244.91384644,29.6729524649158,1,1,6697.13868635913,"Evet","Yerli"
"419",419,250696.889494491,18.081376756153,0,0,7150.24538201826,"Hayır","Yabancı"
"420",420,250178.286616569,16.0217954419221,0,1,6584.9174189132,"Hayır","Yerli"
"421",421,248453.924731443,16.8964203385408,0,1,4580.41184088432,"Hayır","Yerli"
"422",422,250467.679965629,30.5309107800249,1,1,8061.94518325694,"Evet","Yerli"
"423",423,249867.392345667,28.6447060058028,1,0,7291.63597040989,"Evet","Yabancı"
"424",424,250207.577483136,26.5615406207065,1,1,7806.22150933953,"Evet","Yerli"
"425",425,250822.543560428,26.8805171449364,1,0,8338.53534914675,"Evet","Yabancı"
"426",426,250142.453649964,29.2659014866076,0,1,6904.12313626124,"Hayır","Yerli"
"427",427,251981.448955039,38.0573347296056,1,0,9749.90688226998,"Evet","Yabancı"
"428",428,250144.441800554,38.8076629857968,0,1,6844.48336060893,"Hayır","Yerli"
"429",429,248432.501200896,40.6770390642326,0,1,5115.41069617101,"Hayır","Yerli"
"430",430,250927.330974126,32.4414608609655,1,1,8901.32767850982,"Evet","Yerli"
"431",431,248471.37298125,18.0430700642649,0,1,4807.38808211369,"Hayır","Yerli"
"432",432,247601.382335297,31.5223801935574,0,1,3848.42715466947,"Hayır","Yerli"
"433",433,248987.579512599,21.8845386006709,0,1,5177.8040835733,"Hayır","Yerli"
"434",434,249069.153464018,29.5514052190718,0,0,5359.95089279575,"Hayır","Yabancı"
"435",435,249240.617596633,21.447145075171,0,1,5322.06425990818,"Hayır","Yerli"
"436",436,252008.449457581,42.8661739278766,1,1,9806.19593900812,"Evet","Yerli"
"437",437,252044.499307855,32.1743888358344,1,0,9569.39541673044,"Evet","Yabancı"
"438",438,250907.613870873,29.5199284625929,1,0,8273.17783358713,"Evet","Yabancı"
"439",439,248407.706343696,28.3327336520686,1,1,5984.43925535206,"Evet","Yerli"
"440",440,250028.933194292,30.7686060107581,1,1,7487.80944273765,"Evet","Yerli"
"441",441,250608.901542283,29.054620441567,0,1,7172.88430430231,"Hayır","Yerli"
"442",442,249828.715620913,19.4790092717951,1,0,7134.43733098098,"Evet","Yabancı"
"443",443,250214.68185307,23.3242620281261,1,0,7781.68635222907,"Evet","Yabancı"
"444",444,248819.007606375,32.3536759399098,0,1,5136.86797647248,"Hayır","Yerli"
"445",445,248390.474617492,33.2580099008197,0,1,4511.00611192145,"Hayır","Yerli"
"446",446,251759.707173439,23.3514549962289,1,1,9465.08188089892,"Evet","Yerli"
"447",447,250334.215861316,44.3525176130253,1,0,8421.13297980808,"Evet","Yabancı"
"448",448,249489.502947317,25.8113023510533,1,1,6869.47738423568,"Evet","Yerli"
"449",449,250406.589024896,15.3509343549267,1,0,7646.33887266591,"Evet","Yabancı"
"450",450,252578.101216399,31.4148162049004,1,1,10449.5080327714,"Evet","Yerli"
"451",451,250453.33369458,27.3756467952943,1,1,7986.70654908088,"Evet","Yerli"
"452",452,251764.25580588,40.2886730644758,1,0,9378.57880823418,"Evet","Yabancı"
"453",453,251709.430393219,28.4502147985477,1,1,9484.78398889791,"Evet","Yerli"
"454",454,249491.029816098,27.8632338982918,0,0,5911.97770235773,"Hayır","Yabancı"
"455",455,250953.177163607,32.8385003519566,0,0,7982.56150812779,"Hayır","Yabancı"
"456",456,249185.99897121,29.3613616379155,1,1,6831.76942644604,"Evet","Yerli"
"457",457,248157.930275665,36.7375154191706,0,0,4905.23817455721,"Hayır","Yabancı"
"458",458,248497.917754494,29.8882266020308,0,1,4894.40006763163,"Hayır","Yerli"
"459",459,249814.099402337,30.0664923833862,1,0,7818.10984289787,"Evet","Yabancı"
"460",460,252246.32803569,25.1006348246275,1,0,9782.38100057061,"Evet","Yabancı"
"461",461,250131.010897319,23.1005058557897,0,0,6417.04094477797,"Hayır","Yabancı"
"462",462,248996.452533311,13.6551550851524,0,1,4978.64160035635,"Hayır","Yerli"
"463",463,250287.968705205,23.5523291052783,1,0,7956.11246200103,"Evet","Yabancı"
"464",464,250872.468991523,31.527417771804,1,1,8783.42813890324,"Evet","Yerli"
"465",465,248380.997835068,32.7680160034764,0,0,4752.01268599686,"Hayır","Yabancı"
"466",466,248681.649727528,15.952009285399,1,0,5902.51292621863,"Evet","Yabancı"
"467",467,247572.990637906,41.1763579037833,0,0,4124.77536728131,"Hayır","Yabancı"
"468",468,248413.049258745,31.8393569065387,0,1,5228.18711357335,"Hayır","Yerli"
"469",469,248890.70148648,8.98704513646054,1,0,5838.58083500726,"Evet","Yabancı"
"470",470,249635.105296621,31.8591073988148,1,1,7081.15091574286,"Evet","Yerli"
"471",471,251762.617566216,36.4667275972875,1,0,9769.24157280393,"Evet","Yabancı"
"472",472,251110.80178783,28.1258817151013,1,1,8723.65994637286,"Evet","Yerli"
"473",473,250341.217899613,38.8116028164119,1,0,7978.51454086227,"Evet","Yabancı"
"474",474,249291.698167467,42.6471305522336,1,0,7086.16658428563,"Evet","Yabancı"
"475",475,249949.741328204,30.42692910607,0,1,6216.63629912052,"Hayır","Yerli"
"476",476,250684.515306626,41.2970567908547,1,1,8536.83051879387,"Evet","Yerli"
"477",477,249369.958347993,34.691253914873,0,0,5946.22613768158,"Hayır","Yabancı"
"478",478,251323.837661948,16.4813464647966,1,1,9019.83156303085,"Evet","Yerli"
"479",479,251371.816958045,11.8451246104941,0,0,7776.30562227757,"Hayır","Yabancı"
"480",480,248541.869212968,35.6037608072425,0,0,5232.98386052604,"Hayır","Yabancı"
"481",481,249066.360862392,33.5169983290416,1,1,7066.15140506391,"Evet","Yerli"
"482",482,251508.423416674,25.1923954654845,1,0,8956.02035509682,"Evet","Yabancı"
"483",483,247890.975149321,37.7230385623226,1,0,5471.95147281142,"Evet","Yabancı"
"484",484,250524.637368633,28.413849874125,0,0,6884.8385163949,"Hayır","Yabancı"
"485",485,250291.873452048,39.6571449047109,0,0,7069.29618908432,"Hayır","Yabancı"
"486",486,253994.876497322,32.6949391307805,1,0,11715.0042939108,"Evet","Yabancı"
"487",487,246587.899573466,31.8228832521392,0,0,2951.99153054643,"Hayır","Yabancı"
"488",488,248949.00524822,29.032039324105,0,1,5298.78606993005,"Hayır","Yerli"
"489",489,250842.535835813,20.771324481616,1,0,8323.31622508652,"Evet","Yabancı"
"490",490,252092.908137089,29.2471117209977,1,1,9416.80121426742,"Evet","Yerli"
"491",491,251049.608854801,25.1453593462779,1,0,8944.87636425467,"Evet","Yabancı"
"492",492,248214.539455556,44.7747932697001,1,0,5873.88813334677,"Evet","Yabancı"
"493",493,252799.23521146,23.9808547835409,1,1,10334.4421503172,"Evet","Yerli"
"494",494,247803.417219873,24.8988166429049,0,1,3936.52483410011,"Hayır","Yerli"
"495",495,248608.729890119,26.9399852885709,1,1,6111.9785071997,"Evet","Yerli"
"496",496,249946.074511733,32.3872224308196,1,0,7580.63164760546,"Evet","Yabancı"
"497",497,252781.983636133,33.2289241448903,1,1,10483.8575834755,"Evet","Yerli"
"498",498,250632.895734173,27.6905801095187,0,0,7083.14960760555,"Hayır","Yabancı"
"499",499,250912.995064295,20.791686558685,1,0,8310.40869784314,"Evet","Yabancı"
"500",500,252160.096993421,18.3615913327333,1,1,9784.337812603,"Evet","Yerli"
"501",501,251230.974960393,24.9862076932669,0,1,7844.93866585244,"Hayır","Yerli"
"502",502,248469.077655045,32.9106154555181,0,0,4859.82694604752,"Hayır","Yabancı"
"503",503,250887.157772582,13.1165143922359,1,1,7817.19456068478,"Evet","Yerli"
"504",504,249863.475009277,22.7595265701564,0,0,6225.87342795556,"Hayır","Yabancı"
"505",505,252228.259869235,34.2707348195541,0,1,8992.96071629213,"Hayır","Yerli"
"506",506,249695.694150496,27.3317421180308,1,1,7399.85120335272,"Evet","Yerli"
"507",507,248091.116222182,43.7358315604533,1,0,5801.40483705158,"Evet","Yabancı"
"508",508,250614.792964333,42.9787648748617,1,1,8296.41039201199,"Evet","Yerli"
"509",509,250443.129576159,34.0476118506139,0,1,7080.20602108401,"Hayır","Yerli"
"510",510,249977.967065462,27.4676765983486,1,0,7472.65554661642,"Evet","Yabancı"
"511",511,248679.312097353,33.6307738955874,1,0,6216.06998173613,"Evet","Yabancı"
"512",512,248951.356667402,20.0889035416857,1,0,6538.1065486694,"Evet","Yabancı"
"513",513,249984.217854387,11.5324313458823,0,1,5865.78483644941,"Hayır","Yerli"
"514",514,251297.637682505,19.0334550212361,1,0,8583.44868175856,"Evet","Yabancı"
"515",515,249544.427857619,18.6030852862052,1,1,6961.47732592772,"Evet","Yerli"
"516",516,248910.688159768,23.0888417579053,0,1,5252.17349756131,"Hayır","Yerli"
"517",517,246619.746218192,21.0535226214663,1,0,3505.93690379602,"Evet","Yabancı"
"518",518,250617.812295676,6.8378143523317,1,0,7705.68647357896,"Evet","Yabancı"
"519",519,250534.175406249,32.9567833607355,1,0,8330.06862608618,"Evet","Yabancı"
"520",520,251636.488575137,37.6777050241072,0,1,8466.77567135463,"Hayır","Yerli"
"521",521,251833.403302888,6.93489465170164,1,1,9247.84094977442,"Evet","Yerli"
"522",522,249821.179917132,35.65321513769,1,1,7610.08298792718,"Evet","Yerli"
"523",523,251623.142157763,36.882258244977,1,0,9239.62938946994,"Evet","Yabancı"
"524",524,250001.641934445,36.4117169167446,0,1,6681.02782833563,"Hayır","Yerli"
"525",525,249154.487405393,20.3833911740865,1,1,6745.42115214811,"Evet","Yerli"
"526",526,248939.754253893,34.1830253204937,1,0,6318.35713770962,"Evet","Yabancı"
"527",527,249566.323624491,33.8207286882333,0,0,6066.929407769,"Hayır","Yabancı"
"528",528,250284.349303784,31.8093526793047,1,1,7602.63997109567,"Evet","Yerli"
"529",529,249965.748245486,23.7876581444391,1,0,7391.7239202995,"Evet","Yabancı"
"530",530,250251.097238231,30.3732710451823,0,1,6910.67706867972,"Hayır","Yerli"
"531",531,250248.678339779,20.5929751740165,0,1,6349.96915587458,"Hayır","Yerli"
"532",532,250893.249195105,30.6456401366091,0,0,7572.18575186477,"Hayır","Yabancı"
"533",533,249658.522781388,20.3661717164011,1,1,6911.67625123506,"Evet","Yerli"
"534",534,252044.184322415,22.1832734198469,1,1,9489.74216015348,"Evet","Yerli"
"535",535,250547.1173581,22.9518213525279,1,1,7992.04956687907,"Evet","Yerli"
"536",536,248508.080186564,23.356976441806,0,0,4648.22851517942,"Hayır","Yabancı"
"537",537,249654.187744751,42.4794497928503,0,1,6537.64904490778,"Hayır","Yerli"
"538",538,250644.853813169,29.3981634976466,1,1,8299.85944895573,"Evet","Yerli"
"539",539,249486.180834892,35.0895464058828,0,1,6371.08320359313,"Hayır","Yerli"
"540",540,250431.243811841,40.8807800433756,1,1,8088.80915727999,"Evet","Yerli"
"541",541,250542.994826039,27.3004361867801,1,0,8309.85149715728,"Evet","Yabancı"
"542",542,251629.347103756,24.4641258090602,0,1,8093.46237623198,"Hayır","Yerli"
"543",543,249185.380111584,22.3266895751366,1,1,6604.45431488581,"Evet","Yerli"
"544",544,249978.89892209,32.6688984092075,1,0,7718.18087499063,"Evet","Yabancı"
"545",545,249290.384430883,24.9204090509809,0,0,5451.46471018313,"Hayır","Yabancı"
"546",546,248591.083912796,26.941259373218,1,1,5972.25546530103,"Evet","Yerli"
"547",547,247688.787111026,15.137692988394,0,0,3591.02622081728,"Hayır","Yabancı"
"548",548,250244.411318977,40.5241463925279,0,0,7021.73500462632,"Hayır","Yabancı"
"549",549,250751.956531494,20.9807031559355,1,1,8385.04342011259,"Evet","Yerli"
"550",550,250798.947699737,30.6570644340089,0,0,7329.91459092351,"Hayır","Yabancı"
"551",551,248262.508978172,29.8854441387417,1,0,5353.09062015995,"Evet","Yabancı"
"552",552,248587.902683253,38.0500358828802,0,0,4922.26889936294,"Hayır","Yabancı"
"553",553,248573.557256453,36.5677822730188,0,1,5235.38024915547,"Hayır","Yerli"
"554",554,249139.160625499,41.990500235046,0,1,6018.28403001441,"Hayır","Yerli"
"555",555,250212.74727269,29.6712424029901,0,0,6754.87549509234,"Hayır","Yabancı"
"556",556,250743.104284072,27.5842700223239,0,1,7267.11611242186,"Hayır","Yerli"
"557",557,248981.209186594,32.90063896661,1,0,6364.42439257771,"Evet","Yabancı"
"558",558,246419.566453667,39.1402607990849,1,0,3932.33724550116,"Evet","Yabancı"
"559",559,251192.279352135,24.6548826537715,1,1,8609.08344387962,"Evet","Yerli"
"560",560,250769.105963267,19.4738882692745,1,0,7992.86006502557,"Evet","Yabancı"
"561",561,249123.911624312,31.6544029620187,1,0,6574.82186522688,"Evet","Yabancı"
"562",562,248657.923323163,18.3251300988156,0,0,5119.24348779416,"Hayır","Yabancı"
"563",563,249625.011004,37.5078478542627,1,0,7446.47271339901,"Evet","Yabancı"
"564",564,250135.133203503,20.8678541508679,0,0,6303.89077457232,"Hayır","Yabancı"
"565",565,250904.000954485,22.8930881823666,1,0,8534.80049310903,"Evet","Yabancı"
"566",566,251737.618870093,35.5728726755925,0,1,8496.04721975645,"Hayır","Yerli"
"567",567,248938.895752027,25.976861777797,1,0,6147.3834977428,"Evet","Yabancı"
"568",568,250363.403555804,22.2180885886002,1,0,7897.23475816169,"Evet","Yabancı"
"569",569,251667.720042128,18.6795358559293,1,1,9151.07727376524,"Evet","Yerli"
"570",570,248873.322305926,27.1511376548017,0,0,5092.29656603051,"Hayır","Yabancı"
"571",571,249721.545733834,36.2768478046431,0,1,6101.2277409386,"Hayır","Yerli"
"572",572,247785.664964746,32.8809425345481,0,0,4104.58649943175,"Hayır","Yabancı"
"573",573,250359.277812643,35.0349528131133,1,0,8258.04989585215,"Evet","Yabancı"
"574",574,249198.510297095,22.6954869513062,1,0,6777.13280147309,"Evet","Yabancı"
"575",575,248843.827947201,34.1937099067649,1,1,6759.88100638794,"Evet","Yerli"
"576",576,249025.028163518,38.8820291578508,1,0,6585.88258870572,"Evet","Yabancı"
"577",577,250555.629216993,23.9842884107154,1,0,8066.05170946675,"Evet","Yabancı"
"578",578,247296.913746735,22.7780444655299,1,0,4410.01982666808,"Evet","Yabancı"
"579",579,249468.111375099,11.6153112620287,1,1,6613.77423318512,"Evet","Yerli"
"580",580,248732.852925994,22.9247465627295,1,1,5995.0357440896,"Evet","Yerli"
"581",581,248797.35121462,30.0707270841322,0,1,5238.81882205515,"Hayır","Yerli"
"582",582,250593.293284097,25.828146361031,0,0,7259.54766052972,"Hayır","Yabancı"
"583",583,250439.692837006,33.8097577559677,1,1,8031.4143937365,"Evet","Yerli"
"584",584,249866.224554691,10.1431879548892,0,0,5886.99397932873,"Hayır","Yabancı"
"585",585,250671.89657075,36.3368646856588,0,1,7439.07193585926,"Hayır","Yerli"
"586",586,249247.36887694,26.7816465703102,1,1,6655.77940883536,"Evet","Yerli"
"587",587,247470.877943333,23.9217023140193,1,0,5106.72839530075,"Evet","Yabancı"
"588",588,251443.026600748,40.8058067775304,1,1,9130.24412716172,"Evet","Yerli"
"589",589,249711.633752882,18.7339998382371,0,0,6084.30139628213,"Hayır","Yabancı"
"590",590,249543.639039731,25.2773062710627,1,0,6958.49018409164,"Evet","Yabancı"
"591",591,250196.89741172,31.9294769895509,0,1,6597.32893377333,"Hayır","Yerli"
"592",592,250957.415278731,22.8413913146947,1,1,8135.27950468531,"Evet","Yerli"
"593",593,250532.608707753,31.3911209716895,0,1,7065.12767633031,"Hayır","Yerli"
"594",594,251159.081749957,45.8978693058213,1,1,9334.5631419288,"Evet","Yerli"
"595",595,250057.668241051,25.7542615324889,0,1,6783.75496086054,"Hayır","Yerli"
"596",596,249369.642946136,32.7414004813821,0,0,5767.34135901126,"Hayır","Yabancı"
"597",597,249624.438239556,17.4664425699998,0,1,5940.26777253094,"Hayır","Yerli"
"598",598,251028.644973307,36.966246562774,0,1,7968.95399093877,"Hayır","Yerli"
"599",599,248938.414004839,23.2146391027333,0,0,5352.80335435866,"Hayır","Yabancı"
"600",600,248807.987380398,23.1782439098693,1,1,5929.26376982824,"Evet","Yerli"
"601",601,250391.848394853,29.4448175377592,1,0,8254.53214798287,"Evet","Yabancı"
"602",602,250765.591634292,37.4698498212844,1,1,8376.31370503481,"Evet","Yerli"
"603",603,247886.145965579,31.3446994661039,0,0,4419.13034789042,"Hayır","Yabancı"
"604",604,250980.873284303,38.6407887901383,0,0,8147.64552797613,"Hayır","Yabancı"
"605",605,250014.906419075,34.7661656839882,0,1,6816.90678304946,"Hayır","Yerli"
"606",606,249773.430890163,36.3479761682283,1,0,7268.97937711251,"Evet","Yabancı"
"607",607,251383.693003101,16.8246902850241,1,1,8803.43734287145,"Evet","Yerli"
"608",608,251849.243588735,41.3282994566908,1,1,9647.9852987439,"Evet","Yerli"
"609",609,248565.75069875,37.7152537737943,1,0,6102.64766259272,"Evet","Yabancı"
"610",610,251264.567970642,38.909764222772,1,1,9001.42318348064,"Evet","Yerli"
"611",611,249209.913506281,24.228730541755,0,1,5779.16035217968,"Hayır","Yerli"
"612",612,250165.451649399,25.2549022983621,1,1,7574.15794067325,"Evet","Yerli"
"613",613,250601.157580907,13.6756148247188,1,1,8076.70690994522,"Evet","Yerli"
"614",614,250166.472034481,32.2309907722407,0,1,6688.60728139444,"Hayır","Yerli"
"615",615,248171.41942209,16.6297183951596,0,0,3982.23036160102,"Hayır","Yabancı"
"616",616,249366.997774407,25.3354308749561,0,0,5620.82624019006,"Hayır","Yabancı"
"617",617,251924.579046672,25.2944391660422,1,1,9583.72656681294,"Evet","Yerli"
"618",618,250215.992022984,22.0113147326684,1,0,7537.19425649574,"Evet","Yabancı"
"619",619,248955.2200949,36.7605470524227,1,1,6638.27904591766,"Evet","Yerli"
"620",620,249180.08912015,32.1541343161705,0,0,5668.82746453514,"Hayır","Yabancı"
"621",621,251321.957608169,31.460172770491,0,0,8459.36858014066,"Hayır","Yabancı"
"622",622,250432.604362332,9.36279017226371,0,0,6347.33683213909,"Hayır","Yabancı"
"623",623,248878.516822508,35.4425504574307,0,0,5402.83235027266,"Hayır","Yabancı"
"624",624,250007.83151407,31.0962403441043,1,0,7500.75561473245,"Evet","Yabancı"
"625",625,250745.838136345,24.1731496168742,1,0,8382.22755797226,"Evet","Yabancı"
"626",626,252153.18975993,44.819782371821,1,1,10408.5267865623,"Evet","Yerli"
"627",627,248897.813145738,27.3044338832137,0,0,5464.53534302778,"Hayır","Yabancı"
"628",628,249525.067556041,44.6570662847235,0,1,6110.72272738771,"Hayır","Yerli"
"629",629,251245.137519842,25.9244908581975,0,1,7620.33992066076,"Hayır","Yerli"
"630",630,249426.09888382,46.1107172924481,1,1,7672.41730404268,"Evet","Yerli"
"631",631,251825.332182766,34.2572680031381,1,1,9641.27994258368,"Evet","Yerli"
"632",632,251304.057721188,30.0616643580725,0,0,7868.17288889686,"Hayır","Yabancı"
"633",633,247926.198787066,34.5449025984899,0,0,4602.65447928407,"Hayır","Yabancı"
"634",634,250529.947220284,36.210495969958,1,1,8569.10933856965,"Evet","Yerli"
"635",635,248226.046342268,12.7673058614105,0,0,4459.56020897025,"Hayır","Yabancı"
"636",636,248169.134429162,27.1773538966316,1,0,5775.30845876631,"Evet","Yabancı"
"637",637,250088.026215185,12.8165449497596,1,0,7411.47304905219,"Evet","Yabancı"
"638",638,250070.872777475,33.7270105627617,0,1,6707.51387385117,"Hayır","Yerli"
"639",639,249959.114778418,34.1140340107195,1,1,7641.28418922513,"Evet","Yerli"
"640",640,251580.351530083,12.7546824163131,1,1,8647.1038240429,"Evet","Yerli"
"641",641,250368.734857163,29.5714115663796,0,0,7079.83769900198,"Hayır","Yabancı"
"642",642,249158.641474369,32.5986226478163,1,0,6713.82862107559,"Evet","Yabancı"
"643",643,250149.485364364,16.8032965632336,1,1,7514.08397798914,"Evet","Yerli"
"644",644,249357.004363761,36.4248018601507,1,0,7254.5468297644,"Evet","Yabancı"
"645",645,249914.860532667,39.5588900104834,1,0,7816.27799217162,"Evet","Yabancı"
"646",646,248564.985110204,25.4389730761331,0,0,4819.95605546935,"Hayır","Yabancı"
"647",647,249855.944399839,30.2493368804722,0,0,6342.05605677073,"Hayır","Yabancı"
"648",648,250128.670489811,28.7465052117915,0,0,6394.28488832528,"Hayır","Yabancı"
"649",649,249122.820641121,24.6066512781772,0,0,5157.83619815286,"Hayır","Yabancı"
"650",650,250051.538280338,39.3404021415687,0,1,6460.88192157232,"Hayır","Yerli"
"651",651,249189.039561752,41.7896843101219,1,0,6999.04287715132,"Evet","Yabancı"
"652",652,249194.990175667,20.5906213825644,0,0,5593.91047715964,"Hayır","Yabancı"
"653",653,249744.451468667,27.0039092601468,1,1,7284.6111781853,"Evet","Yerli"
"654",654,250613.551147077,20.1794884688353,1,0,7912.83206567108,"Evet","Yabancı"
"655",655,249743.328765912,28.3467454454593,0,0,6079.22812272296,"Hayır","Yabancı"
"656",656,250238.364154907,24.2405358205249,1,0,7495.40962287806,"Evet","Yabancı"
"657",657,251212.530240826,26.262813366602,1,0,8735.38409167266,"Evet","Yabancı"
"658",658,249643.423652691,34.013967636292,1,1,7098.526567184,"Evet","Yerli"
"659",659,249870.475914323,20.6424888682756,0,0,6322.41657336425,"Hayır","Yabancı"
"660",660,250639.068176505,20.0201308014251,0,1,7110.64306267413,"Hayır","Yerli"
"661",661,248427.29693748,27.270602907516,0,0,4736.29460739143,"Hayır","Yabancı"
"662",662,250679.782461195,30.7068640941968,0,0,7292.96279016439,"Hayır","Yabancı"
"663",663,249331.295516771,8.78772045334917,0,0,5620.37815634911,"Hayır","Yabancı"
"664",664,248577.442466525,41.8850417932498,0,0,5282.40783267141,"Hayır","Yabancı"
"665",665,247789.995286405,41.5067444589284,0,0,4338.02391020861,"Hayır","Yabancı"
"666",666,249106.277246415,14.9721899748072,1,1,6493.79645903177,"Evet","Yerli"
"667",667,248537.24716955,34.9908504659817,0,0,5232.12292032656,"Hayır","Yabancı"
"668",668,248526.939814476,43.9664396192567,0,0,5433.683539846,"Hayır","Yabancı"
"669",669,252034.114172442,29.7684735070422,0,1,9015.82584079758,"Hayır","Yerli"
"670",670,248484.816667964,23.4281701942415,1,1,5656.90031424561,"Evet","Yerli"
"671",671,251246.887396802,21.4184343735512,1,1,8634.53520958553,"Evet","Yerli"
"672",672,250681.557051775,25.443124181714,1,0,8051.53662020901,"Evet","Yabancı"
"673",673,248894.013606031,35.6979488974156,1,0,6533.07700223549,"Evet","Yabancı"
"674",674,249235.961627648,42.1061457360159,1,0,7268.31368532232,"Evet","Yabancı"
"675",675,249487.250608958,16.0932835835134,1,1,6951.55628263509,"Evet","Yerli"
"676",676,250238.011712296,28.271864393114,0,1,6716.24899538823,"Hayır","Yerli"
"677",677,249564.593838801,36.3047961653057,1,1,7200.85727098798,"Evet","Yerli"
"678",678,251033.559412856,32.2727779725715,1,1,8891.64218057895,"Evet","Yerli"
"679",679,249634.141372122,22.6313810060535,0,1,6255.57710822404,"Hayır","Yerli"
"680",680,247293.317237546,45.0763620773099,0,0,3893.56026247913,"Hayır","Yabancı"
"681",681,249879.729029746,31.7866178469519,0,1,6256.57371471953,"Hayır","Yerli"
"682",682,247685.053942189,17.226850858137,0,0,4108.723889787,"Hayır","Yabancı"
"683",683,251172.26391904,22.7325777213334,0,1,7919.26016494594,"Hayır","Yerli"
"684",684,249065.391898201,26.725880595339,1,1,6762.83789571651,"Evet","Yerli"
"685",685,248605.948205375,30.3432632042419,0,0,5234.82438643501,"Hayır","Yabancı"
"686",686,249260.616980876,35.6486179086391,1,1,6920.29363888018,"Evet","Yerli"
"687",687,250731.538354886,31.0756803805705,0,0,7223.0891065995,"Hayır","Yabancı"
"688",688,247601.802250863,38.9782412329168,0,1,4186.61885058689,"Hayır","Yerli"
"689",689,250317.27098938,24.0204911884575,1,0,7928.88604907925,"Evet","Yabancı"
"690",690,248784.697792192,27.6378301045778,0,0,5216.03666922321,"Hayır","Yabancı"
"691",691,249989.358189952,32.544550745634,0,0,6496.68484125564,"Hayır","Yabancı"
"692",692,250848.802388759,20.8990418970598,0,0,7233.77818754557,"Hayır","Yabancı"
"693",693,250712.039208366,15.4110030799211,0,1,6924.64533482032,"Hayır","Yerli"
"694",694,251878.70207641,20.142661190934,1,1,9311.45924558679,"Evet","Yerli"
"695",695,250161.356751457,19.9317810141607,0,0,6475.75132632736,"Hayır","Yabancı"
"696",696,249123.521310404,34.3752454586102,0,0,5542.66567854005,"Hayır","Yabancı"
"697",697,252692.134019972,19.5883753477815,1,1,9976.26101177161,"Evet","Yerli"
"698",698,249620.942327173,38.9691852771954,1,0,7304.85165184529,"Evet","Yabancı"
"699",699,251009.474721135,20.0170335736358,1,1,8304.916775994,"Evet","Yerli"
"700",700,251163.739332658,17.3544959288677,1,0,8673.69338428981,"Evet","Yabancı"
"701",701,250568.627622841,23.7336305869698,1,1,7949.84016430358,"Evet","Yerli"
"702",702,251781.775862579,30.7454480519303,1,1,9651.10204658144,"Evet","Yerli"
"703",703,249738.761034359,34.0224834775796,1,0,7268.53561657877,"Evet","Yabancı"
"704",704,248460.746526137,41.6878957360616,1,0,6268.65911324639,"Evet","Yabancı"
"705",705,249549.245528558,30.7717822367363,0,1,5918.62898721948,"Hayır","Yerli"
"706",706,249315.983375645,27.992907673655,1,1,6578.97752615462,"Evet","Yerli"
"707",707,250409.995009393,20.2406613550224,0,1,6799.15995827593,"Hayır","Yerli"
"708",708,248833.375209883,38.1363605874302,1,0,6570.40902711519,"Evet","Yabancı"
"709",709,250851.013531,30.5778073784623,1,1,8632.90392796856,"Evet","Yerli"
"710",710,248545.146999767,31.451707208434,1,1,6315.50920839536,"Evet","Yerli"
"711",711,252194.311887354,33.2770303809111,1,1,9946.21853384508,"Evet","Yerli"
"712",712,251812.046705319,21.9438256235006,1,1,9084.698475088,"Evet","Yerli"
"713",713,249439.006323486,28.8378496646821,0,0,5910.21348202031,"Hayır","Yabancı"
"714",714,250175.084111163,27.1789153384642,0,0,6539.24385994221,"Hayır","Yabancı"
"715",715,249532.937089778,24.5781211571891,1,0,7045.19819609008,"Evet","Yabancı"
"716",716,248491.957353452,40.9776360035378,0,0,5101.04156783835,"Hayır","Yabancı"
"717",717,246673.317531324,31.8012581751662,0,0,2769.83228806832,"Hayır","Yabancı"
"718",718,249968.631883418,28.8547133120193,1,1,7627.66723916199,"Evet","Yerli"
"719",719,249957.033428439,31.052781965976,1,0,7758.17214764679,"Evet","Yabancı"
"720",720,252052.948798806,20.5622535614587,1,1,9830.43055843925,"Evet","Yerli"
"721",721,247505.672315576,42.9325424598292,0,0,3844.0121582387,"Hayır","Yabancı"
"722",722,249172.286551747,51.5141231419783,0,0,6295.94266072611,"Hayır","Yabancı"
"723",723,251100.047490388,37.4427673388552,1,1,9019.4562238087,"Evet","Yerli"
"724",724,250427.984275002,23.0556421567812,0,1,6830.68132676264,"Hayır","Yerli"
"725",725,250152.192319405,15.3779072299999,1,1,7296.78534878491,"Evet","Yerli"
"726",726,249224.04870686,15.3311012537738,0,0,5197.14926907895,"Hayır","Yabancı"
"727",727,250251.181584468,42.5098031202998,1,1,7854.91138739428,"Evet","Yerli"
"728",728,249705.118314971,35.8040228913616,0,1,6541.20346215979,"Hayır","Yerli"
"729",729,250142.076393713,19.9339056203214,1,0,7534.55916431305,"Evet","Yabancı"
"730",730,249277.58850589,28.2369791703627,1,0,6833.09829550738,"Evet","Yabancı"
"731",731,251485.706107298,24.9268972723598,1,1,8765.80563722746,"Evet","Yerli"
"732",732,251324.920347652,22.2494443145185,1,0,8881.78786375363,"Evet","Yabancı"
"733",733,251670.947763581,16.5949657431964,0,1,8196.33288072277,"Hayır","Yerli"
"734",734,249541.038536087,16.7070249616091,1,0,6771.59207611193,"Evet","Yabancı"
"735",735,249619.579119027,25.009809740334,1,1,6802.20693912256,"Evet","Yerli"
"736",736,249562.150469705,28.3233787170808,0,0,6163.00402629779,"Hayır","Yabancı"
"737",737,251717.68095341,42.2446093159248,1,1,9836.35997110431,"Evet","Yerli"
"738",738,249625.349385156,23.2070651407354,1,1,7209.35516947001,"Evet","Yerli"
"739",739,250122.043930282,33.1477537117719,0,1,6946.3367898363,"Hayır","Yerli"
"740",740,250476.485035905,41.2522481981298,0,1,7083.10527002877,"Hayır","Yerli"
"741",741,250847.765696023,30.0240856339928,1,1,8654.33713940789,"Evet","Yerli"
"742",742,249665.408409707,23.9188180430735,0,1,6155.41451291115,"Hayır","Yerli"
"743",743,252932.457080419,39.5609459448457,1,1,10931.0928280842,"Evet","Yerli"
"744",744,248840.631680594,34.3018933519997,0,0,5251.69427038515,"Hayır","Yabancı"
"745",745,248216.803532878,28.910375121453,0,0,4785.96229835364,"Hayır","Yabancı"
"746",746,250052.878330487,40.8111273127713,1,0,7914.95191228002,"Evet","Yabancı"
"747",747,252209.304337506,26.9236306091659,1,1,9940.73004170978,"Evet","Yerli"
"748",748,250065.937908932,27.7662072684595,1,1,7264.28985258222,"Evet","Yerli"
"749",749,250137.157549962,14.9427754116068,0,0,6548.67670132799,"Hayır","Yabancı"
"750",750,251079.003269448,15.4799348165437,0,1,7736.94778849988,"Hayır","Yerli"
"751",751,249876.283494038,35.3372034400531,0,1,6284.90769707956,"Hayır","Yerli"
"752",752,250129.620682608,14.4832934138276,1,1,7610.70455722873,"Evet","Yerli"
"753",753,251510.606094606,23.8115993708776,0,1,7750.72674888729,"Hayır","Yerli"
"754",754,250117.182526316,43.1523772257136,1,1,8103.3406567484,"Evet","Yerli"
"755",755,249059.754351317,36.4028832241067,0,0,5538.9009308916,"Hayır","Yabancı"
"756",756,250493.655274841,35.2865914364588,1,1,8446.72043543692,"Evet","Yerli"
"757",757,248635.599457516,31.789938907436,0,0,4985.74636058192,"Hayır","Yabancı"
"758",758,248177.134468755,34.93808614264,0,0,4903.12266641212,"Hayır","Yabancı"
"759",759,249846.609643805,41.1440587578348,1,1,7521.87996139227,"Evet","Yerli"
"760",760,248623.838510414,43.6542609701613,0,1,5450.07786679571,"Hayır","Yerli"
"761",761,250726.1538398,21.0499778203114,0,1,6973.08029564022,"Hayır","Yerli"
"762",762,249816.3156383,26.9173440327196,1,1,7303.23044932098,"Evet","Yerli"
"763",763,249042.08173116,28.150805170426,0,0,5367.03905121252,"Hayır","Yabancı"
"764",764,252028.621973181,27.715720091936,1,1,9605.96187622771,"Evet","Yerli"
"765",765,249862.574319955,22.4010134133262,0,0,6308.24613214807,"Hayır","Yabancı"
"766",766,251777.131067828,24.4009527084714,1,0,9370.38180816339,"Evet","Yabancı"
"767",767,249858.223688755,25.33306470717,1,1,7409.85920830942,"Evet","Yerli"
"768",768,249588.398823024,7.11335247256206,1,1,6596.99855107578,"Evet","Yerli"
"769",769,250466.826229496,32.2618181580078,1,1,8113.3877600038,"Evet","Yerli"
"770",770,251287.360163675,24.1849142577026,1,0,8495.22021111508,"Evet","Yabancı"
"771",771,253382.218808999,20.2354375008368,1,1,11082.0762813405,"Evet","Yerli"
"772",772,248706.317660938,26.7753870309416,1,1,6000.02652872184,"Evet","Yerli"
"773",773,249770.712676699,41.4016775407487,0,1,6483.37459290003,"Hayır","Yerli"
"774",774,251347.214134314,31.5144540887697,1,0,9079.23016611359,"Evet","Yabancı"
"775",775,250427.025281624,24.1186023819534,0,1,6690.32676299417,"Hayır","Yerli"
"776",776,249765.820469852,32.4717948663393,1,0,7351.41837937188,"Evet","Yabancı"
"777",777,248371.426114338,25.7998485842218,1,1,5676.60477201006,"Evet","Yerli"
"778",778,249651.67717253,34.9906698457097,1,0,7537.96210686551,"Evet","Yabancı"
"779",779,249769.057614427,21.9846655162039,0,0,6297.75509987877,"Hayır","Yabancı"
"780",780,249897.778128533,17.2129328329601,1,1,6809.50748327927,"Evet","Yerli"
"781",781,252015.302242159,36.8630085907832,0,1,8884.72855210348,"Hayır","Yerli"
"782",782,249422.575200619,39.1214657608348,1,0,7446.4477133346,"Evet","Yabancı"
"783",783,248029.937123977,35.7752503731805,0,0,4832.09904003746,"Hayır","Yabancı"
"784",784,250620.541341914,31.1518384290186,1,1,8094.35698826069,"Evet","Yerli"
"785",785,249860.057770226,36.8990853768607,0,0,6165.34710251638,"Hayır","Yabancı"
"786",786,249744.566999735,40.8954437596944,1,0,7731.12542337947,"Evet","Yabancı"
"787",787,250794.46020357,14.8151319623832,1,0,8217.12874624601,"Evet","Yabancı"
"788",788,246366.657557411,38.2289203970826,0,0,3071.87217896742,"Hayır","Yabancı"
"789",789,249307.927184049,24.8852742524509,1,1,6678.4162212794,"Evet","Yerli"
"790",790,249808.185214686,37.3392054269907,1,0,7702.0387899203,"Evet","Yabancı"
"791",791,250756.613144701,31.6773692350299,0,1,7675.58014185059,"Hayır","Yerli"
"792",792,249673.74175477,25.7275862594387,0,0,6445.92176438695,"Hayır","Yabancı"
"793",793,248743.576921986,31.6619008106278,0,0,4850.29814830803,"Hayır","Yabancı"
"794",794,250465.707642891,21.0025424505718,0,1,7030.81350542816,"Hayır","Yerli"
"795",795,250024.30772065,25.9478555483034,1,1,7419.00117957207,"Evet","Yerli"
"796",796,250138.161019244,25.9466682201683,0,0,6615.03989238322,"Hayır","Yabancı"
"797",797,251445.713046154,34.8519734950227,1,0,9139.18341592747,"Evet","Yabancı"
"798",798,249322.224424735,40.6920447034212,1,0,7105.62659677397,"Evet","Yabancı"
"799",799,248438.498395726,36.3048433762401,1,0,6131.19947251549,"Evet","Yabancı"
"800",800,248399.984254059,40.5098139369569,0,0,4939.7036511718,"Hayır","Yabancı"
"801",801,248720.084015262,30.3473103407456,1,0,6472.74177609092,"Evet","Yabancı"
"802",802,248265.436775015,29.545538531275,1,1,6019.74190105025,"Evet","Yerli"
"803",803,249938.473606992,23.6865816586808,0,1,6293.75998432296,"Hayır","Yerli"
"804",804,252263.700913104,34.7806805103744,1,1,10039.3627915333,"Evet","Yerli"
"805",805,249875.612417865,37.3922875069406,1,1,7880.57218331818,"Evet","Yerli"
"806",806,250971.546405372,28.5295258338505,0,1,7566.42221957446,"Hayır","Yerli"
"807",807,248621.754593525,31.7532321438333,0,0,5007.67761030756,"Hayır","Yabancı"
"808",808,249722.944021623,29.1412801219064,0,1,6087.29446409629,"Hayır","Yerli"
"809",809,250707.618703245,8.72087062505751,1,0,7857.41110909152,"Evet","Yabancı"
"810",810,249556.300818431,21.1428338336938,0,0,5989.40914620853,"Hayır","Yabancı"
"811",811,250981.578251835,32.5130630837063,0,1,7430.48291511764,"Hayır","Yerli"
"812",812,250867.559223249,21.0934138355734,1,1,8140.51863280296,"Evet","Yerli"
"813",813,249209.087630519,37.8334394886469,0,1,5758.52147239133,"Hayır","Yerli"
"814",814,249035.051697548,46.1135319855116,1,0,6870.63949970737,"Evet","Yabancı"
"815",815,252947.271734501,18.2905695941632,1,1,10663.3399566767,"Evet","Yerli"
"816",816,249759.31332955,28.1099117951143,1,0,7569.70730721268,"Evet","Yabancı"
"817",817,250008.274167768,29.1818089041046,1,0,7661.78444568348,"Evet","Yabancı"
"818",818,249931.817469216,33.5047846543064,0,1,6519.29873667818,"Hayır","Yerli"
"819",819,249289.741399325,18.6846522348857,0,1,5271.24845943678,"Hayır","Yerli"
"820",820,248841.280070379,25.1391066877864,0,0,5171.02497972839,"Hayır","Yabancı"
"821",821,248580.331023274,17.7637154870642,0,0,4570.94135916806,"Hayır","Yabancı"
"822",822,251142.452923818,24.9616632498718,1,1,8582.07138235989,"Evet","Yerli"
"823",823,248767.421458346,27.4619434301326,0,0,5286.30638088095,"Hayır","Yabancı"
"824",824,250834.356766862,34.0692238627061,1,0,8745.1721273332,"Evet","Yabancı"
"825",825,251758.244362133,26.5712842953188,0,1,8558.93020659262,"Hayır","Yerli"
"826",826,251447.223700147,37.1633254229851,1,1,9225.37525894758,"Evet","Yerli"
"827",827,249826.558503033,47.0780445693206,1,0,7971.18553117569,"Evet","Yabancı"
"828",828,249325.8476863,22.0043806052847,0,1,5763.23633243985,"Hayır","Yerli"
"829",829,248651.383126173,20.9295318461544,0,0,4814.93528412005,"Hayır","Yabancı"
"830",830,249976.797325061,27.2779909472493,1,0,7651.03715645093,"Evet","Yabancı"
"831",831,249709.230392902,29.06318514423,0,0,6276.47977476765,"Hayır","Yabancı"
"832",832,250195.366928143,25.3201756921577,1,0,7603.38089162999,"Evet","Yabancı"
"833",833,249244.987806557,46.3073836181599,1,0,7060.13368078897,"Evet","Yabancı"
"834",834,250786.293900152,34.772421103674,1,1,8244.34315222399,"Evet","Yerli"
"835",835,250892.711963565,33.6553960995194,1,1,8804.41360997959,"Evet","Yerli"
"836",836,251344.857626611,29.9694339220905,0,1,7539.52761309531,"Hayır","Yerli"
"837",837,252812.194396724,25.4166439364909,0,0,9554.81215092446,"Hayır","Yabancı"
"838",838,250247.363248599,19.9283766630154,1,1,7855.40716884045,"Evet","Yerli"
"839",839,249280.567101902,15.5510978497987,0,0,5478.66273023025,"Hayır","Yabancı"
"840",840,249903.348918744,27.9191767009224,0,0,6332.08469498984,"Hayır","Yabancı"
"841",841,247965.100138624,24.0647982772164,0,1,4374.91868202857,"Hayır","Yerli"
"842",842,250162.403942461,30.2153120036539,1,0,7922.83989388976,"Evet","Yabancı"
"843",843,249467.908583425,27.7144842580839,0,0,6130.52364606333,"Hayır","Yabancı"
"844",844,250507.514685651,22.917587219061,0,1,6629.2602962845,"Hayır","Yerli"
"845",845,249663.987267952,26.0513890618802,0,0,5831.38325346465,"Hayır","Yabancı"
"846",846,248273.769329628,33.2020538674698,0,1,4713.94661249711,"Hayır","Yerli"
"847",847,250045.729151681,22.3948458108,1,0,7609.35703093099,"Evet","Yabancı"
"848",848,248308.44433603,22.6191891401962,1,1,5656.14364868304,"Evet","Yerli"
"849",849,251121.257742428,33.3081829694822,1,1,8839.11883187664,"Evet","Yerli"
"850",850,247713.30035967,28.2516527299429,1,0,5045.95531134509,"Evet","Yabancı"
"851",851,249822.653819785,18.1090790019042,1,1,6995.74686734439,"Evet","Yerli"
"852",852,250572.477222303,20.4334861646516,0,1,7152.9878844558,"Hayır","Yerli"
"853",853,248100.478108638,32.542124266382,1,0,5558.06417671519,"Evet","Yabancı"
"854",854,251748.819143325,22.4176488569869,1,0,9468.46906070617,"Evet","Yabancı"
"855",855,248893.326011371,17.3756641925361,0,0,5068.37498201866,"Hayır","Yabancı"
"856",856,249367.087135973,37.1989599873783,0,0,6146.53944568009,"Hayır","Yabancı"
"857",857,250204.165132458,50.5243754828122,0,1,6986.1955403043,"Hayır","Yerli"
"858",858,249578.570179677,19.9211848182751,0,0,6038.72493665508,"Hayır","Yabancı"
"859",859,248705.060584988,36.7011088928132,0,0,5260.3147745489,"Hayır","Yabancı"
"860",860,250511.672410271,36.7608416866345,1,1,8005.94199801699,"Evet","Yerli"
"861",861,249344.720677229,21.9963695943838,0,0,5433.91461029848,"Hayır","Yabancı"
"862",862,250633.125466905,38.6292677344603,0,1,7295.57852190606,"Hayır","Yerli"
"863",863,249369.096421532,27.5337782735971,0,0,6035.97942818232,"Hayır","Yabancı"
"864",864,248803.437088808,10.7743180144803,1,0,6168.85554043274,"Evet","Yabancı"
"865",865,249881.707051933,37.087390396583,0,0,6519.32309684072,"Hayır","Yabancı"
"866",866,250811.799147013,30.7165825873366,1,0,8536.23357525737,"Evet","Yabancı"
"867",867,250302.902249159,22.8503224900885,1,0,7604.27932727834,"Evet","Yabancı"
"868",868,249926.332387173,26.6382262795274,1,1,7019.26064790616,"Evet","Yerli"
"869",869,247565.25741053,36.8372267238655,1,0,5144.50367384121,"Evet","Yabancı"
"870",870,251814.304539864,26.9382418476988,0,0,8409.96558998526,"Hayır","Yabancı"
"871",871,249950.075402953,30.2251891536036,1,1,7474.35862213393,"Evet","Yerli"
"872",872,248920.002886163,37.1632327243727,0,0,5321.88672453203,"Hayır","Yabancı"
"873",873,249747.887200359,19.1861247051026,1,0,6775.77782715619,"Evet","Yabancı"
"874",874,250326.569453409,15.2049244560877,0,1,6531.98341563343,"Hayır","Yerli"
"875",875,248102.060770868,42.7888118964345,1,0,6088.40512235049,"Evet","Yabancı"
"876",876,250896.635790345,17.1035138174611,1,1,8132.74735196919,"Evet","Yerli"
"877",877,250308.540910121,27.3101919906067,0,1,6927.69638999723,"Hayır","Yerli"
"878",878,251503.458807881,22.5982595084829,0,0,8244.18956037209,"Hayır","Yabancı"
"879",879,251232.549088059,32.6721321066782,0,1,7706.14765708601,"Hayır","Yerli"
"880",880,249327.574251172,26.1460535211047,0,0,5750.13983653558,"Hayır","Yabancı"
"881",881,249387.146572733,26.6695073337776,1,0,6956.93312765905,"Evet","Yabancı"
"882",882,248755.604784297,13.1070588702441,0,0,4959.21567007759,"Hayır","Yabancı"
"883",883,249547.871339682,15.2190487017387,1,0,7019.76522364325,"Evet","Yabancı"
"884",884,251180.443514121,29.7441280351434,1,1,8598.66624821806,"Evet","Yerli"
"885",885,252240.258764519,38.5804881213118,1,0,10311.2777064292,"Evet","Yabancı"
"886",886,251160.51174483,24.3372180541884,0,1,7663.98548335351,"Hayır","Yerli"
"887",887,247712.577912962,42.1385913772246,0,0,4288.77653470691,"Hayır","Yabancı"
"888",888,251027.347632704,23.4697850474053,0,1,7518.35638550688,"Hayır","Yerli"
"889",889,251295.335952504,32.6585128545704,0,1,8007.56781555336,"Hayır","Yerli"
"890",890,250771.775180162,18.8860955426018,0,1,6943.37171523901,"Hayır","Yerli"
"891",891,248931.337046102,23.9638287950845,0,0,4969.09626888972,"Hayır","Yabancı"
"892",892,251330.638148106,15.5845986801234,1,0,8444.54487952093,"Evet","Yabancı"
"893",893,250911.85182263,30.7804370210867,0,0,7325.81593320864,"Hayır","Yabancı"
"894",894,250828.320730448,9.99762031499033,0,1,6915.88853628975,"Hayır","Yerli"
"895",895,249523.24099662,33.7736330919905,0,1,6413.61105342565,"Hayır","Yerli"
"896",896,251057.364722242,38.4475818716845,0,1,7564.47394310681,"Hayır","Yerli"
"897",897,250139.489855557,27.7225589796311,1,0,7593.38513255065,"Evet","Yabancı"
"898",898,249915.28717293,27.3948893022248,0,1,6171.60940535884,"Hayır","Yerli"
"899",899,251858.872620648,15.1394304431434,1,1,9036.54245388531,"Evet","Yerli"
"900",900,250946.529220808,22.6642912254718,0,1,7349.28141226621,"Hayır","Yerli"
"901",901,246407.446883252,34.7603154266604,0,0,2611.64696898703,"Hayır","Yabancı"
"902",902,249466.821938653,22.6974766294132,1,0,7029.28676831917,"Evet","Yabancı"
"903",903,248140.74213046,36.5400798507016,0,0,4830.56492683907,"Hayır","Yabancı"
"904",904,250735.989557139,17.7196347230551,1,0,8465.40700109056,"Evet","Yabancı"
"905",905,249446.75061153,24.5279567108468,1,1,6974.99116618654,"Evet","Yerli"
"906",906,251126.6310029,26.3937633182999,1,1,8687.34704845662,"Evet","Yerli"
"907",907,250584.78542546,36.8514581546227,1,0,8399.71224931237,"Evet","Yabancı"
"908",908,250027.550398334,32.3959253981519,0,1,6555.23521194226,"Hayır","Yerli"
"909",909,249893.615210255,21.9675412287976,0,1,6341.84641507902,"Hayır","Yerli"
"910",910,249548.416071683,26.5033511246221,0,0,6179.10265730005,"Hayır","Yabancı"
"911",911,250249.383126922,33.4067552106842,1,0,8263.38811973318,"Evet","Yabancı"
"912",912,248614.682181625,28.1541430679416,1,0,6041.89054993962,"Evet","Yabancı"
"913",913,250840.992588108,16.9929506606145,1,0,8237.43645401374,"Evet","Yabancı"
"914",914,249507.357958283,34.4415480015277,0,0,5896.80028879949,"Hayır","Yabancı"
"915",915,249070.040518019,42.6800166051729,0,0,5639.41642758616,"Hayır","Yabancı"
"916",916,249592.358154021,24.1179025854986,0,1,5820.23928372459,"Hayır","Yerli"
"917",917,252343.336033518,25.6273491178486,1,0,9803.42942594692,"Evet","Yabancı"
"918",918,247802.501068317,36.6096751634865,0,0,4399.02782382209,"Hayır","Yabancı"
"919",919,249563.923862544,32.7320931805065,0,0,6355.46938652916,"Hayır","Yabancı"
"920",920,250133.236536398,28.4203926078707,1,1,7367.05927915257,"Evet","Yerli"
"921",921,249327.926523494,31.5511041911921,1,0,6828.56171412285,"Evet","Yabancı"
"922",922,249485.91358511,25.4354152334591,0,0,5748.83296726569,"Hayır","Yabancı"
"923",923,250477.93542247,29.5974708241624,1,0,7950.4319854362,"Evet","Yabancı"
"924",924,250278.142610678,22.7669521106267,0,1,6497.64319509587,"Hayır","Yerli"
"925",925,249157.8068646,35.0342466095972,1,1,6843.30531624158,"Evet","Yerli"
"926",926,250709.291142338,36.1114197066962,1,1,8522.10533690469,"Evet","Yerli"
"927",927,250224.35456845,12.5568046839036,0,0,6432.93726406722,"Hayır","Yabancı"
"928",928,250857.92718686,22.3785454140045,1,0,8529.6321838256,"Evet","Yabancı"
"929",929,248340.920423146,35.834265533826,1,0,6038.31979243981,"Evet","Yabancı"
"930",930,249040.104452222,40.8609745696395,0,1,5756.53341699348,"Hayır","Yerli"
"931",931,249759.121864159,53.7304408397283,0,1,6477.26414977532,"Hayır","Yerli"
"932",932,251198.813997603,21.2864214546115,1,0,8998.76478193834,"Evet","Yabancı"
"933",933,249338.710797526,28.9507508811786,0,0,5754.21854771461,"Hayır","Yabancı"
"934",934,248708.891261311,27.0450465879362,0,0,5235.17356442425,"Hayır","Yabancı"
"935",935,250964.681863059,25.3849640692081,1,1,8470.21404740549,"Evet","Yerli"
"936",936,250581.695830248,28.961414756469,1,0,7891.78948827106,"Evet","Yabancı"
"937",937,248467.911166358,22.2027556245802,0,0,4539.85695623196,"Hayır","Yabancı"
"938",938,252558.346550275,22.0366503316084,1,1,9944.60729010503,"Evet","Yerli"
"939",939,251873.343061122,21.9519326405777,1,1,9454.11007526697,"Evet","Yerli"
"940",940,248263.813644154,29.9000070366973,1,0,5859.36902332499,"Evet","Yabancı"
"941",941,252691.720579654,20.3962221119935,1,0,10544.137717441,"Evet","Yabancı"
"942",942,247838.604074313,29.4884358116424,0,0,4072.06596951888,"Hayır","Yabancı"
"943",943,250127.553106368,26.4356700460556,1,0,7610.28809477196,"Evet","Yabancı"
"944",944,248573.401090629,26.3292617957511,0,0,4818.90243614408,"Hayır","Yabancı"
"945",945,249528.738639745,24.1040416276308,1,1,7061.78713408061,"Evet","Yerli"
"946",946,249564.022376547,37.3566507493805,1,0,7270.90547008081,"Evet","Yabancı"
"947",947,250403.606351536,44.2119016179982,1,1,8108.87819161178,"Evet","Yerli"
"948",948,248594.575477575,24.6766997992755,0,0,4811.13437010184,"Hayır","Yabancı"
"949",949,246553.687847099,35.1108090802435,1,1,4181.23831549353,"Evet","Yerli"
"950",950,249880.2361261,46.8567679262602,0,1,6690.58067462939,"Hayır","Yerli"
"951",951,249066.625243804,28.2276258239703,0,0,5184.93509952855,"Hayır","Yabancı"
"952",952,250263.476772507,33.8212033475876,0,0,6580.51091248432,"Hayır","Yabancı"
"953",953,248939.362739364,24.9213186038108,0,0,5079.8288722708,"Hayır","Yabancı"
"954",954,250990.33095713,23.9888416663337,1,1,8604.86672182069,"Evet","Yerli"
"955",955,250036.48429072,21.5264614828277,1,0,7607.30405846147,"Evet","Yabancı"
"956",956,250754.235015605,42.2043921389908,0,1,7651.16197625283,"Hayır","Yerli"
"957",957,248756.324868983,40.5350488736216,0,0,5435.69616908738,"Hayır","Yabancı"
"958",958,249735.83442732,22.2844822941554,1,1,7438.2525011325,"Evet","Yerli"
"959",959,250430.02635937,30.8967001103578,0,0,6988.77585883641,"Hayır","Yabancı"
"960",960,249888.276838771,11.5067460458713,0,0,6153.1500513146,"Hayır","Yabancı"
"961",961,252067.546833146,29.9006146814572,1,1,9950.88951786899,"Evet","Yerli"
"962",962,247546.364108489,45.5873632450974,1,0,5249.25889407483,"Evet","Yabancı"
"963",963,250945.156889374,20.119548844683,1,0,7979.14412604704,"Evet","Yabancı"
"964",964,250018.023322429,34.7066401619482,0,1,6824.14653315328,"Hayır","Yerli"
"965",965,251182.142255076,13.454459840723,0,1,7301.88131345692,"Hayır","Yerli"
"966",966,249876.489384517,12.2450411064249,1,0,6956.5274995352,"Evet","Yabancı"
"967",967,246575.307195766,18.4486423690494,0,0,2874.2189038283,"Hayır","Yabancı"
"968",968,250525.382311779,27.3140304304195,1,1,8010.86841943038,"Evet","Yerli"
"969",969,249727.025922174,36.2925974464956,1,1,7386.16866036959,"Evet","Yerli"
"970",970,248763.305838002,32.5826077941671,1,1,6131.85278977567,"Evet","Yerli"
"971",971,249179.413879769,34.1113318426329,0,0,5739.67601038231,"Hayır","Yabancı"
"972",972,250069.579435252,35.6156985520704,0,0,6924.48288442463,"Hayır","Yabancı"
"973",973,253065.079305969,37.9342254659191,1,1,11244.8189843167,"Evet","Yerli"
"974",974,250235.216967172,24.5617135461321,1,0,7544.11659095115,"Evet","Yabancı"
"975",975,248775.379539528,26.5903842839502,0,0,5329.08979831874,"Hayır","Yabancı"
"976",976,252379.513084381,26.6854471841297,1,0,10097.1848825446,"Evet","Yabancı"
"977",977,249451.850272255,37.1373220313372,0,1,6016.10348917671,"Hayır","Yerli"
"978",978,248962.842380518,28.3611641907377,1,0,6553.9572118593,"Evet","Yabancı"
"979",979,248440.960851548,25.3520781587624,0,1,4712.10075919783,"Hayır","Yerli"
"980",980,249157.73854614,29.0274643988706,0,0,5375.45742839174,"Hayır","Yabancı"
"981",981,252418.959079959,23.0541300637642,1,1,10134.6578965259,"Evet","Yerli"
"982",982,251133.20179358,39.9203331053528,0,1,7963.18459474144,"Hayır","Yerli"
"983",983,250920.658464284,28.5280991257403,0,1,7364.99768216195,"Hayır","Yerli"
"984",984,250183.281630056,34.3585466200793,1,1,8002.67699663575,"Evet","Yerli"
"985",985,250353.900995924,22.8502365814041,0,0,6589.51017299053,"Hayır","Yabancı"
"986",986,250736.595900963,14.9474685578575,0,0,6991.40672076753,"Hayır","Yabancı"
"987",987,250269.811845721,24.8255894855104,1,1,7740.95791645587,"Evet","Yerli"
"988",988,250193.816543593,22.1251029890516,1,1,7760.75472400541,"Evet","Yerli"
"989",989,251192.28329538,32.8031248488305,1,0,9163.10726724302,"Evet","Yabancı"
"990",990,249792.684121901,23.3823685917377,0,0,6388.60976338221,"Hayır","Yabancı"
"991",991,250318.754681964,31.0214608568961,0,1,7409.68988547884,"Hayır","Yerli"
"992",992,248878.159550807,35.220785330721,0,0,5176.79070966378,"Hayır","Yabancı"
"993",993,251979.962630878,26.0141212633648,1,1,9535.12874243093,"Evet","Yerli"
"994",994,251740.948285207,31.9640053145184,0,0,8389.74475053058,"Hayır","Yabancı"
"995",995,247734.677210339,14.0799082009919,0,0,3836.47072902844,"Hayır","Yabancı"
"996",996,249729.600401763,25.2445715997086,0,1,6274.29042774453,"Hayır","Yerli"
"997",997,250687.320070889,33.4581480563842,0,0,6953.06178553157,"Hayır","Yabancı"
"998",998,250603.420296897,31.1135598793729,1,0,8219.92576539421,"Evet","Yabancı"
"999",999,250951.060911188,19.1747199949253,1,1,8250.36514045023,"Evet","Yerli"
"1000",1000,249442.927478832,41.5538819072897,1,1,7437.25748165291,"Evet","Yerli"
